Age,DailyRate,Department,DistanceFromHome,EducationField,Gender,JobInvolvement,JobRole,MaritalStatus,NumCompaniesWorked,OverTime,PercentSalaryHike,RelationshipSatisfaction,StockOptionLevel,TotalWorkingYears,TrainingTimesLastYear,WorkLifeBalance,YearsAtCompany,YearsInCurrentRole,YearsSinceLastPromotion,YearsWithCurrManager
47,1225,2,2,1,0,4,3,0,6,0,14,3,3,29,2,3,3,2,1,2
22,594,1,2,5,1,3,2,1,0,0,14,3,1,3,2,3,2,1,2,1
46,406,2,3,2,1,3,3,1,3,0,12,4,1,23,3,3,12,9,4,9
25,622,2,13,3,1,3,8,1,1,0,11,3,0,7,1,3,7,4,0,6
43,1001,1,9,3,1,3,2,0,3,1,13,2,1,10,3,3,8,7,4,7
28,1157,1,2,3,1,1,6,1,5,1,13,4,0,5,4,2,3,2,2,2
51,833,1,1,1,1,3,6,1,1,0,11,2,0,1,0,2,1,0,0,0
43,1082,1,27,1,0,3,4,1,8,0,11,3,1,18,1,3,8,7,0,1
40,118,2,14,1,0,3,7,1,1,0,15,3,1,5,2,3,5,4,1,2
27,205,2,10,2,0,2,7,1,1,1,11,4,0,6,3,3,6,2,4,4
36,1218,2,9,1,1,2,8,2,7,0,23,2,0,10,4,3,5,3,0,3
29,694,1,1,1,0,2,5,0,3,0,14,2,2,9,2,2,7,7,1,7
45,549,1,8,4,1,3,6,1,9,0,14,1,2,12,3,3,10,9,9,8
23,507,1,20,1,1,3,2,2,0,0,14,2,0,5,2,3,4,3,1,2
34,669,1,1,3,1,2,0,2,0,0,20,3,0,14,3,3,13,9,4,9
19,303,1,2,1,1,2,2,2,1,0,22,3,0,1,3,2,1,0,1,0
44,621,1,15,3,0,3,0,1,1,0,11,4,1,10,2,3,10,7,0,5
47,1169,1,14,5,1,3,6,1,8,0,18,3,1,16,4,4,8,7,1,7
31,218,2,7,5,1,4,7,1,4,0,11,2,1,10,3,2,8,7,7,7
46,638,1,1,3,1,2,0,1,2,1,13,3,1,21,5,2,10,9,9,5
33,117,1,9,3,1,3,6,1,0,0,13,2,1,15,5,3,14,10,4,10
38,702,2,1,1,0,2,7,2,4,0,22,3,0,12,2,4,8,3,0,7
36,1396,1,5,1,1,3,2,2,8,0,16,4,0,16,3,4,13,11,3,7
46,991,0,1,1,0,3,1,2,6,0,12,3,0,10,3,4,7,6,5,7
41,447,1,5,1,1,4,0,2,3,0,12,1,0,11,3,1,3,2,1,2
20,654,2,21,2,1,4,8,2,1,0,17,4,0,2,2,3,2,1,2,2
31,1003,2,5,5,1,3,7,1,1,0,19,3,1,6,3,3,5,2,0,2
31,976,1,3,3,1,3,6,0,1,1,13,4,1,4,3,4,4,2,2,3
46,1402,2,2,2,0,3,3,1,8,0,23,1,0,28,2,3,26,15,15,9
53,1070,1,3,3,1,3,5,1,3,1,16,4,3,21,5,2,5,3,1,3
24,350,1,21,5,1,2,2,0,0,0,14,2,3,2,3,3,1,1,0,0
52,1325,1,11,1,0,3,2,1,8,0,20,2,1,9,3,3,5,2,1,4
36,1480,1,3,3,1,3,2,2,4,0,12,3,0,13,3,2,8,7,7,2
29,1378,1,13,4,1,2,2,1,4,1,13,1,1,10,2,3,4,3,0,3
28,1300,1,17,3,1,3,2,0,1,0,12,4,1,10,2,3,10,0,1,8
42,300,1,2,1,1,3,3,1,5,0,11,1,0,24,2,2,22,6,4,14
21,501,2,5,3,1,3,8,2,1,1,11,4,0,2,6,3,2,2,1,2
52,723,1,8,3,1,2,6,1,2,0,15,1,0,11,3,2,8,2,7,7
22,604,1,6,3,1,3,6,1,0,0,20,4,0,3,3,3,2,2,2,2
34,697,1,3,1,1,2,6,1,3,0,17,4,3,6,2,3,0,0,0,0
36,329,2,16,2,0,2,7,1,4,0,13,1,2,11,3,2,3,2,0,2
33,1277,1,15,3,1,3,3,1,7,1,12,4,0,15,2,4,7,6,7,7
22,1230,1,1,1,1,2,4,1,6,0,22,1,2,4,2,1,2,2,2,2
56,718,1,4,5,0,3,3,0,4,0,13,4,1,28,2,3,5,2,4,2
29,1329,1,7,1,1,3,0,0,1,1,11,2,2,6,2,3,6,0,1,0
36,884,2,1,1,0,3,7,2,6,0,13,1,0,15,5,3,1,0,0,0
34,1239,2,13,3,1,3,7,0,1,0,18,3,1,9,2,2,8,7,1,1
34,665,1,6,4,0,3,6,2,1,0,14,3,0,16,3,3,16,13,2,10
50,989,1,7,3,0,2,5,0,5,1,12,4,1,29,2,2,27,3,13,8
38,903,1,2,3,1,3,4,1,4,0,11,1,2,7,2,3,5,2,1,4
30,740,2,1,1,1,2,7,1,1,0,11,4,1,10,4,3,10,8,6,7
44,1099,2,5,2,1,3,3,1,7,0,11,3,1,26,5,3,22,9,3,10
48,365,1,4,3,1,2,3,1,2,0,25,2,1,23,3,3,2,2,2,2
58,1145,1,9,3,0,2,6,1,4,1,20,2,1,9,3,2,1,0,0,0
29,746,2,2,1,1,3,7,1,1,0,14,1,1,4,3,2,4,3,0,2
34,258,2,21,1,1,4,7,2,1,0,12,4,0,10,3,3,10,7,5,7
27,1277,1,8,1,1,1,2,1,1,0,19,4,3,3,4,3,3,2,1,2
42,462,2,14,3,0,2,7,2,7,0,17,1,0,10,6,3,5,4,0,3
41,1200,1,22,1,0,3,6,0,3,1,14,1,2,12,4,2,6,2,3,3
37,1189,2,3,1,1,3,7,2,2,0,12,1,0,12,3,3,5,3,1,3
25,1219,1,4,5,1,3,2,1,1,1,15,2,1,7,3,4,7,7,5,6
33,1146,2,25,3,0,3,7,1,1,0,12,1,1,10,3,2,10,7,0,1
32,1093,2,6,3,1,3,7,2,1,0,16,1,0,12,0,3,11,8,5,7
36,852,1,5,1,0,2,6,1,9,1,14,4,1,6,3,4,1,1,0,0
26,1449,1,16,3,1,3,2,0,2,1,13,4,1,5,2,3,3,2,0,2
40,884,1,15,1,0,2,4,1,1,0,13,4,2,18,2,3,18,15,14,12
39,945,1,22,3,0,3,4,2,1,1,13,3,0,21,2,3,21,6,2,8
48,1262,1,1,3,1,4,3,2,2,0,22,3,0,27,3,2,5,4,2,1
32,300,1,1,1,1,3,2,0,0,0,12,2,1,4,2,3,3,0,0,2
43,930,1,6,3,0,2,6,2,1,1,14,1,0,20,3,1,20,7,1,8
39,203,1,2,1,1,3,0,0,7,0,11,4,3,21,4,3,18,7,11,5
20,871,1,6,1,0,2,2,2,1,1,18,2,0,1,5,3,1,0,1,0
39,895,2,5,5,1,3,8,1,3,0,14,3,1,19,6,4,1,0,0,0
34,1320,1,20,5,0,4,6,1,0,0,17,4,0,2,5,2,1,0,0,0
38,240,1,2,1,0,4,4,2,6,1,12,4,0,17,2,3,15,7,4,12
28,760,2,2,2,0,3,7,1,1,1,20,1,0,8,2,3,8,7,7,5
28,1404,1,17,5,1,2,2,0,5,0,12,1,1,6,2,2,4,1,0,3
45,1050,2,9,1,0,2,7,1,1,0,13,4,1,15,2,3,15,10,4,12
26,1283,2,1,3,1,2,7,2,1,0,12,2,0,7,2,3,7,7,0,7
36,429,1,2,1,0,3,4,2,9,1,11,4,0,18,2,3,16,14,5,12
48,817,2,2,2,1,4,7,1,3,0,12,4,0,12,3,3,2,2,2,2
43,1473,1,8,4,0,3,0,0,4,1,14,4,0,8,3,3,5,2,0,2
31,1079,2,10,3,0,3,7,0,2,1,11,4,1,8,2,3,5,2,1,4
34,735,1,22,4,1,2,6,1,1,1,15,2,0,16,3,3,15,10,6,11
47,465,1,1,5,1,3,6,1,7,0,12,3,1,17,2,2,6,5,1,2
34,285,1,29,3,1,3,2,1,4,0,13,1,2,10,1,3,8,7,7,7
35,890,2,2,2,0,3,8,1,1,0,13,1,0,2,3,3,2,2,2,2
38,1084,1,29,5,1,3,4,1,3,0,18,1,1,9,3,1,7,7,1,7
23,373,1,1,1,1,3,6,1,1,0,22,4,1,1,2,3,1,0,0,1
44,920,1,24,1,1,3,2,0,3,1,22,4,1,19,0,1,1,0,0,0
29,468,1,28,3,0,2,6,2,1,0,14,2,0,5,3,1,5,4,0,4
34,971,2,1,5,1,2,7,1,1,1,14,4,0,10,3,3,10,9,8,6
36,1105,1,24,1,0,3,2,1,7,0,15,3,1,11,3,3,9,8,0,8
55,177,1,8,3,1,2,0,0,1,1,15,4,1,34,3,3,33,9,15,0
43,589,1,14,1,1,3,5,1,6,0,24,3,1,22,3,3,4,1,1,0
32,1316,1,2,1,0,3,6,2,4,1,14,4,0,10,2,3,8,7,0,7
32,1318,2,10,2,1,3,7,2,8,0,13,3,0,4,2,4,0,0,0,0
25,883,2,26,3,0,3,7,2,1,0,23,2,0,6,5,2,6,5,1,4
37,674,1,13,3,1,3,6,1,1,0,17,1,0,10,2,3,10,8,3,7
45,954,2,2,5,1,1,8,2,0,0,13,1,0,9,3,3,8,7,3,1
33,1198,1,1,4,1,2,6,2,3,1,11,2,0,6,1,3,3,2,0,2
31,471,1,4,3,0,4,2,0,8,0,12,2,1,4,0,2,2,2,2,2
26,775,2,29,3,1,3,7,0,5,0,12,1,2,8,5,3,0,0,0,0
46,849,2,26,1,1,2,7,2,8,0,15,3,0,6,3,3,2,2,2,2
29,408,2,23,1,0,2,7,1,1,0,13,1,1,11,3,1,11,8,3,10
21,391,1,15,1,1,3,6,2,1,0,14,4,0,0,6,3,0,0,0,0
52,266,2,2,2,0,1,3,1,1,0,15,4,1,33,3,3,32,14,6,9
37,1017,1,1,3,0,2,6,1,2,0,14,1,1,17,2,2,3,1,0,2
39,867,1,9,3,1,3,4,1,1,0,25,4,1,10,3,3,10,0,7,9
27,1291,2,11,3,0,4,8,1,8,0,14,2,1,5,4,3,1,0,0,0
36,1425,1,14,1,1,3,0,1,0,1,17,1,1,17,2,2,16,8,4,11
49,470,1,20,3,0,3,4,1,1,0,14,3,0,16,2,2,15,11,5,11
45,248,1,23,1,1,3,2,1,1,1,15,3,1,9,2,3,9,8,0,8
45,1005,1,28,5,0,2,5,2,1,0,11,3,0,21,2,3,21,6,8,6
34,878,1,10,3,1,3,6,0,1,1,17,4,1,5,4,4,5,3,2,0
35,219,1,16,4,0,2,4,1,0,1,11,4,0,4,2,3,3,2,0,2
33,147,0,2,0,1,3,1,1,1,0,13,4,1,5,2,3,5,4,1,4
32,1045,2,4,3,1,1,7,1,1,0,11,3,0,14,2,2,14,8,9,8
30,501,2,27,2,1,3,7,0,7,0,23,4,1,10,2,2,8,7,7,7
34,1442,1,9,3,0,2,0,2,1,0,14,2,0,9,3,4,8,7,7,7
23,541,2,2,5,1,3,8,0,3,0,13,3,1,3,3,3,0,0,0,0
51,632,2,21,2,1,3,7,2,0,1,22,4,0,11,2,1,10,7,1,0
28,791,1,1,3,1,3,2,2,0,1,11,3,0,5,2,2,4,2,0,2
31,616,1,12,3,0,3,0,1,0,1,11,3,2,10,2,1,9,7,8,5
27,608,1,1,1,0,3,4,1,1,0,11,4,0,9,3,3,9,7,0,7
28,1169,0,8,3,1,2,1,0,1,0,13,4,1,6,6,3,5,1,0,4
45,589,2,2,1,0,3,7,1,4,0,22,2,2,10,3,4,8,7,5,7
39,792,1,1,1,1,3,2,1,1,1,15,4,1,9,2,3,9,8,5,8
42,1271,1,2,3,1,3,6,2,5,1,14,4,0,8,2,3,2,1,2,2
33,508,2,10,2,1,2,7,2,3,0,14,3,0,9,6,2,7,7,0,1
36,557,2,3,3,0,2,7,1,0,0,19,3,2,10,2,3,9,7,3,4
38,723,2,2,2,0,1,8,1,2,1,20,1,2,20,4,2,4,2,0,3
59,715,1,2,1,0,2,4,2,3,1,13,1,0,30,4,3,5,3,4,3
29,1247,2,20,2,1,3,7,0,2,0,14,4,1,10,2,3,3,2,0,2
49,1064,1,2,1,1,3,5,1,3,0,15,4,0,28,3,3,5,4,4,3
50,145,2,1,1,0,3,7,1,0,0,12,1,1,19,3,3,18,7,0,13
27,210,2,1,2,1,3,7,1,0,1,13,4,1,6,0,3,5,4,1,4
42,355,1,10,5,1,3,6,1,3,0,22,2,2,10,1,2,6,3,3,3
37,408,1,19,1,1,3,6,1,4,0,21,1,0,8,1,3,1,0,0,0
36,469,1,3,5,1,3,6,1,1,0,12,3,0,12,2,2,11,10,0,7
47,983,1,2,3,0,3,4,0,5,0,13,3,3,20,2,3,5,0,0,4
39,119,2,15,2,1,3,7,2,0,0,12,1,0,21,3,3,20,8,11,10
41,552,0,4,0,1,1,1,1,6,0,19,2,1,10,4,3,3,2,1,2
29,337,1,14,4,0,3,0,2,0,1,12,1,0,9,1,3,8,7,7,7
38,364,1,3,5,0,3,6,2,3,1,20,2,0,19,2,3,3,2,2,2
32,1062,1,2,3,0,3,2,1,1,0,13,3,1,8,4,3,8,0,0,7
31,1445,1,1,1,0,4,4,2,1,0,11,1,0,10,2,3,10,8,4,7
21,546,1,5,3,1,3,6,2,1,0,18,3,0,3,2,3,2,2,2,2
43,422,1,1,1,0,3,0,1,4,0,13,2,1,12,2,2,5,2,2,2
38,1495,1,4,3,0,3,2,1,7,0,19,4,1,7,5,2,0,0,0,0
50,813,1,17,1,0,2,5,0,5,0,15,3,3,19,3,3,14,11,1,11
31,1274,1,9,1,1,3,4,0,1,0,25,4,1,13,6,4,13,8,0,8
35,303,2,27,1,1,3,7,2,1,1,18,4,0,10,2,3,10,7,7,7
37,1305,1,10,1,1,3,4,2,2,1,12,4,0,18,2,2,1,0,0,1
27,1130,2,8,2,0,3,7,1,1,0,18,1,1,8,3,3,8,7,0,7
48,1355,1,4,1,1,2,0,2,7,0,14,2,0,27,3,3,15,11,4,8
38,1394,1,8,3,0,2,6,0,1,1,16,3,1,20,3,3,20,11,0,7
36,894,1,1,3,0,2,4,1,0,0,15,3,0,4,6,3,3,2,1,2
27,1377,1,11,1,1,3,2,1,0,0,14,2,0,6,3,4,5,0,1,4
34,999,1,26,5,0,2,6,0,1,0,20,3,3,5,2,3,5,4,0,0
47,217,2,3,3,0,3,7,0,9,1,12,4,2,28,2,2,22,2,11,13
49,464,1,16,3,0,3,2,0,4,1,16,2,1,17,2,2,2,2,2,2
58,605,2,21,1,0,3,3,1,4,1,13,3,1,29,2,2,1,0,0,0
24,1448,2,1,5,0,3,8,2,1,1,16,2,0,6,4,3,5,3,1,4
29,410,1,2,1,0,3,2,1,0,0,13,3,3,4,3,3,3,2,0,2
35,1017,1,6,1,1,1,6,2,1,0,13,2,0,17,3,3,17,11,11,8
26,841,1,6,4,0,2,6,1,1,0,19,3,0,5,3,2,5,4,4,3
58,286,1,2,1,1,3,5,2,7,1,12,4,0,40,2,3,31,15,13,8
45,364,1,25,3,0,3,3,2,3,0,22,3,0,22,4,3,0,0,0,0
38,849,1,25,1,0,2,5,1,3,0,17,3,1,19,2,3,10,8,0,1
22,253,1,11,3,0,3,6,1,1,0,13,4,1,2,1,3,2,1,1,2
33,1017,1,25,3,1,2,6,2,4,1,20,2,0,5,0,3,2,2,2,2
30,1398,2,22,4,0,3,7,1,0,0,11,3,0,10,3,3,9,8,7,8
38,395,2,9,2,1,2,8,1,0,0,19,4,1,3,3,3,2,2,1,2
35,636,1,4,4,1,2,2,1,1,0,13,2,1,2,2,4,2,2,2,2
30,1138,1,6,5,0,2,2,1,0,0,12,1,1,10,6,3,9,2,6,7
27,1410,2,3,3,0,4,7,0,1,1,20,2,2,6,3,3,6,5,0,4
23,571,1,12,4,1,3,2,2,1,0,13,3,0,5,6,4,5,2,1,4
46,734,1,2,3,1,3,5,0,7,1,17,3,1,24,3,3,2,1,2,2
27,975,1,7,3,0,2,0,2,8,0,19,1,0,9,2,1,7,6,0,7
33,587,1,10,3,1,1,2,0,7,0,13,1,3,8,2,3,4,3,1,3
48,492,2,16,1,0,3,7,0,8,0,14,3,1,18,2,3,8,7,7,7
38,833,1,18,3,1,1,0,1,3,1,16,3,1,15,2,3,1,0,1,0
34,702,1,16,1,0,2,6,2,1,0,16,3,0,6,3,3,5,2,1,3
27,829,2,8,2,1,3,7,1,0,0,19,2,1,5,3,3,4,2,1,1
30,160,1,3,3,0,3,6,0,1,0,20,3,1,1,2,3,1,0,0,0
33,530,2,16,1,0,3,7,0,1,1,25,3,1,7,2,3,6,5,1,2
28,1009,1,1,3,1,2,2,0,1,0,15,1,2,1,2,3,1,0,0,0
23,638,2,9,2,1,3,8,1,1,0,19,1,1,1,3,2,1,0,1,0
47,1379,1,16,3,1,4,4,0,1,1,19,3,0,20,3,4,19,10,2,7
51,432,1,9,1,1,3,2,1,3,0,23,2,2,10,4,3,4,2,0,3
35,750,1,28,1,1,4,2,1,1,0,17,4,2,10,3,2,10,9,6,8
30,1005,1,3,5,0,3,6,2,5,1,11,3,0,8,5,3,5,2,0,4
38,471,1,12,1,1,2,0,0,2,0,15,3,1,13,3,2,4,3,1,2
25,688,1,3,3,1,3,2,1,5,0,13,3,1,6,5,3,2,2,0,2
47,955,2,4,1,0,3,7,2,1,1,17,3,0,9,0,3,9,0,0,7
48,1224,1,10,1,1,2,5,1,4,0,12,4,0,29,3,3,22,10,12,9
35,672,1,25,5,1,2,4,1,3,0,16,1,0,16,2,3,13,10,4,8
26,426,0,17,1,0,3,1,0,0,1,11,2,1,8,2,2,7,7,1,0
32,1018,1,3,1,0,3,5,2,3,0,15,4,0,10,6,3,7,7,7,7
35,528,0,8,5,1,3,1,2,1,0,17,2,0,6,2,1,5,4,1,4
39,592,1,2,1,0,2,2,2,2,1,23,2,0,11,2,4,1,0,0,0
40,791,1,2,3,0,4,0,1,1,0,24,4,1,8,2,3,8,7,3,7
30,1465,1,1,3,1,3,6,1,0,1,21,1,1,12,2,3,11,9,5,7
40,107,2,10,5,0,2,7,0,7,0,12,2,1,7,2,4,5,1,1,3
26,192,1,1,3,1,2,2,1,1,0,16,1,2,6,2,3,5,3,1,3
21,895,2,9,3,1,3,8,2,1,0,24,3,0,3,3,2,3,2,2,2
36,913,1,9,3,1,2,4,0,2,1,11,3,1,13,2,3,3,2,0,2
28,1103,1,16,3,1,3,6,2,1,0,14,3,0,5,3,2,5,3,1,4
28,289,1,2,3,1,2,2,2,7,0,11,3,0,8,2,2,0,0,0,0
21,337,2,7,2,1,3,8,2,1,0,13,2,0,1,3,3,1,0,1,0
40,555,1,2,3,0,2,2,1,6,0,22,2,1,20,3,3,1,0,0,0
33,970,2,7,1,0,3,7,1,0,0,17,3,1,4,3,3,3,2,0,2
42,1142,1,8,1,1,3,2,2,4,0,13,4,0,8,3,3,0,0,0,0
50,809,2,12,2,0,3,7,2,4,0,11,4,0,16,3,3,2,2,2,1
46,644,1,1,3,1,3,0,0,7,0,16,3,1,17,3,3,4,2,0,3
20,1362,1,10,3,1,3,6,2,1,1,11,4,0,1,5,3,1,0,1,1
45,374,2,20,1,0,3,7,2,8,0,15,3,0,8,3,3,5,3,0,1
29,350,0,13,0,1,2,1,0,4,1,15,4,3,4,3,3,2,2,2,0
32,1018,1,2,3,0,4,6,2,7,0,16,3,0,10,0,2,7,7,0,7
35,619,2,1,2,1,3,7,1,9,0,11,3,0,15,2,3,11,9,6,9
42,622,1,2,1,0,3,0,1,1,0,13,2,2,10,4,3,10,2,2,2
37,504,1,10,3,1,3,4,0,6,0,11,2,2,17,5,3,1,0,0,0
40,750,1,12,1,0,3,0,0,2,0,12,2,1,15,3,3,7,4,7,7
56,1162,1,24,1,1,3,2,2,1,0,16,4,0,5,3,3,4,2,1,0
34,1069,1,2,1,1,2,4,1,1,0,17,3,0,10,2,2,10,9,1,9
31,480,1,7,3,0,3,4,1,1,0,12,2,1,13,5,1,13,10,3,12
39,1218,1,1,1,1,3,3,0,1,1,14,3,1,21,3,3,21,8,1,6
34,479,1,7,3,1,3,6,2,1,0,13,3,0,1,4,1,1,0,0,0
30,153,1,8,1,0,4,5,1,0,1,12,3,3,9,4,2,8,7,1,7
52,322,1,28,3,0,4,4,1,2,1,11,2,1,24,3,2,5,3,0,2
37,482,1,3,4,1,3,4,1,1,0,15,3,1,10,2,3,10,7,7,8
32,638,1,8,3,0,4,6,1,5,0,12,3,1,9,3,2,5,3,1,3
33,392,2,2,3,1,3,7,0,1,0,14,3,2,6,5,3,6,2,0,4
18,247,1,8,3,1,3,2,2,1,0,12,4,0,0,0,3,0,0,0,0
33,465,1,2,1,0,3,2,1,7,0,20,1,0,13,3,4,9,7,1,7
33,1313,1,1,3,1,2,2,0,1,0,12,3,3,1,2,2,1,1,0,0
30,1012,1,5,1,1,2,6,0,9,0,12,2,1,10,3,2,5,4,0,3
36,164,2,2,3,1,2,7,1,1,0,13,2,2,10,2,3,10,9,9,0
40,692,1,11,5,0,3,2,1,1,0,11,1,1,10,2,4,10,9,9,4
27,691,1,9,3,1,3,6,0,6,0,18,4,1,6,1,1,2,2,2,2
48,715,1,1,1,1,2,5,2,6,0,12,3,0,25,3,4,1,0,0,0
37,589,2,9,2,1,2,7,1,1,0,14,1,2,5,2,3,5,2,0,3
50,328,1,1,3,1,2,2,1,2,0,15,4,1,5,2,2,3,2,0,2
26,991,1,6,1,0,3,2,1,1,1,13,3,1,3,2,3,3,2,0,2
42,201,1,1,1,0,3,2,0,3,0,16,2,1,8,5,3,5,2,1,2
26,1066,1,2,3,1,4,4,1,1,0,12,2,0,8,2,3,8,7,1,3
25,1280,1,7,3,1,2,6,1,1,0,11,3,2,2,2,3,2,2,2,1
50,562,2,8,5,1,3,7,1,3,1,14,1,1,18,4,3,4,3,1,3
40,1469,1,9,3,1,3,6,0,8,1,14,4,1,3,2,3,1,1,0,0
40,898,0,6,3,1,3,3,2,1,1,21,4,0,21,2,3,21,7,7,7
51,1456,1,1,3,0,2,0,2,3,0,20,3,0,23,1,2,13,12,12,8
28,654,1,1,1,0,1,6,2,7,1,13,4,0,10,4,3,7,7,3,7
40,1184,2,2,3,1,3,7,1,5,0,12,4,3,5,2,3,0,0,0,0
46,1003,1,8,1,0,2,6,0,8,1,23,1,3,19,2,3,16,13,1,7
40,523,1,2,1,1,3,6,2,1,0,13,3,0,9,4,3,9,8,8,8
33,1069,1,1,1,0,2,0,2,0,0,14,1,0,6,3,3,5,0,1,4
53,1219,2,2,1,0,2,3,1,2,0,16,3,0,31,3,3,25,8,3,7
30,202,2,2,5,1,3,8,1,1,0,18,1,1,1,3,3,1,0,0,0
40,1342,2,9,3,1,3,7,1,0,0,12,4,0,9,5,4,8,4,7,1
39,505,1,2,5,0,3,0,2,0,0,25,4,0,20,1,3,19,6,11,8
26,157,1,1,3,1,3,2,2,0,0,13,4,0,8,6,2,7,7,7,6
52,1323,1,2,1,0,2,2,2,7,0,15,2,0,6,3,2,2,2,2,2
31,697,1,10,3,0,3,5,1,4,0,20,3,1,13,2,4,11,7,4,8
36,1299,1,27,3,1,3,0,1,6,0,13,2,2,17,3,2,7,7,7,7
38,693,1,7,1,1,4,6,0,1,0,11,4,3,4,2,3,4,2,0,3
42,495,1,2,1,1,3,3,1,0,1,13,4,0,21,3,2,20,8,2,10
38,433,0,1,0,1,4,1,1,1,0,13,4,1,7,2,4,7,6,5,0
39,1383,0,2,1,0,2,1,1,8,0,11,3,2,13,2,3,5,4,0,4
22,391,1,7,1,1,3,6,2,1,1,23,1,0,1,2,3,1,0,0,0
24,240,0,22,0,1,1,1,1,1,0,11,3,1,1,2,3,1,0,0,0
47,202,1,2,4,0,3,3,1,1,1,11,3,1,26,3,2,26,14,3,0
44,661,1,9,1,1,3,6,1,1,1,13,4,0,8,0,3,8,7,7,1
46,566,1,7,3,1,3,4,0,6,0,13,2,1,13,3,3,8,7,0,7
34,988,0,23,0,0,3,1,0,9,1,15,3,3,11,2,3,3,2,0,2
40,1479,2,24,1,0,4,7,2,4,1,16,4,0,22,2,2,1,0,0,0
30,1288,2,29,5,1,3,7,1,3,0,12,2,1,9,3,3,4,2,1,3
49,527,1,8,4,0,3,2,1,4,0,11,3,1,29,3,2,26,9,1,7
55,685,2,26,2,1,2,3,1,1,0,21,3,1,36,3,3,36,6,2,13
30,334,2,26,2,0,2,7,2,5,0,15,3,0,9,5,2,6,3,0,1
40,1395,1,26,3,0,3,6,0,1,0,11,1,1,20,2,3,20,7,2,13
27,1450,1,3,3,1,2,6,0,1,1,15,4,1,1,2,2,1,1,0,1
32,548,1,1,1,1,3,6,1,1,0,17,2,2,10,3,3,10,4,0,9
53,661,2,7,2,0,2,7,1,7,1,18,4,1,35,3,3,5,2,0,4
27,1354,1,2,5,1,3,6,1,1,0,11,3,1,6,3,2,5,3,1,2
31,828,2,2,1,1,3,7,2,4,1,13,3,0,10,2,4,6,5,0,5
36,325,1,10,5,0,3,0,1,3,0,12,1,0,10,0,3,7,7,1,7
35,763,2,15,3,1,1,7,0,6,1,14,4,2,7,2,2,2,2,2,2
42,557,1,18,1,1,3,6,0,6,1,17,3,1,9,3,2,4,3,1,2
41,918,2,6,2,1,3,7,2,1,0,12,2,0,10,3,3,10,8,8,7
45,306,2,26,1,0,3,7,1,2,0,14,4,2,5,4,3,1,1,0,0
38,888,0,10,0,1,3,1,1,3,0,11,3,0,10,2,3,6,3,1,2
32,379,2,5,1,1,3,7,1,1,0,14,4,1,10,3,3,10,8,5,3
38,1153,1,6,4,0,2,2,1,1,0,11,2,1,5,3,3,5,4,0,4
26,572,2,10,3,1,3,7,2,1,0,13,1,0,5,4,3,5,3,1,2
41,1102,2,1,1,0,3,7,2,8,1,11,1,0,8,0,1,6,4,0,5
37,342,2,16,2,1,2,7,0,4,0,19,4,2,9,2,3,1,0,0,0
29,332,0,17,4,1,2,1,2,1,0,13,1,0,10,3,2,10,9,0,9
44,1315,1,3,4,1,3,3,1,4,1,12,1,1,26,2,4,2,2,0,1
31,1079,2,16,2,1,3,7,1,2,0,13,1,3,10,2,3,1,0,0,0
48,626,1,1,1,1,2,2,2,9,1,13,4,0,23,2,3,1,0,0,0
32,929,2,10,2,1,3,7,2,1,0,12,4,0,10,2,2,10,7,0,8
56,667,1,1,1,1,3,0,0,1,0,21,1,1,13,2,2,13,12,1,9
36,363,1,1,5,0,1,4,0,2,1,21,3,1,17,2,3,7,7,7,7
19,504,1,10,3,0,2,6,2,1,1,25,2,0,1,2,4,1,1,0,0
24,581,1,9,3,1,4,6,1,1,0,16,4,1,5,1,3,5,3,0,4
36,1434,2,8,1,1,2,7,2,1,0,15,2,0,10,1,3,10,7,0,9
25,1372,2,18,1,1,4,7,1,2,0,11,2,0,6,3,2,3,2,1,2
29,352,0,6,3,1,2,1,1,1,0,11,4,0,1,3,3,1,0,0,0
36,132,1,6,1,0,4,2,1,3,0,12,2,0,5,3,3,1,0,0,0
29,1090,2,10,2,1,3,8,0,1,0,14,4,2,2,2,3,2,2,2,2
24,1353,2,3,4,0,3,7,1,0,0,21,1,1,4,2,2,3,2,0,2
32,267,1,29,1,0,2,2,2,1,0,13,3,0,6,3,3,6,2,4,1
39,105,1,9,1,1,3,3,2,2,0,13,3,0,21,3,2,6,0,1,3
41,1206,2,23,1,1,3,7,2,3,1,16,4,0,21,2,3,2,0,0,2
46,1450,1,15,1,1,3,5,1,5,0,11,1,1,25,2,3,4,2,0,3
29,318,1,8,4,1,1,2,1,1,1,11,4,0,7,4,2,7,7,0,7
31,534,1,20,1,1,3,0,1,3,0,12,1,0,12,2,3,1,0,0,0
47,571,2,14,3,0,3,7,1,3,1,17,3,1,11,4,2,5,4,1,2
28,890,1,2,3,1,3,6,2,6,0,17,4,0,5,3,2,2,2,2,1
44,489,1,23,3,1,3,2,1,4,0,12,3,1,17,3,4,3,2,1,2
39,1122,1,6,3,1,3,2,1,7,1,21,4,0,8,2,1,2,2,2,2
30,829,1,1,1,1,2,4,2,1,0,22,3,0,12,2,3,11,8,5,8
59,818,0,6,3,1,3,1,1,8,0,17,4,0,7,2,2,2,2,2,2
28,895,1,15,1,1,3,2,0,1,0,16,4,1,4,5,2,4,2,2,2
39,439,1,9,1,1,3,2,2,9,0,15,3,0,9,2,2,5,4,0,3
50,316,2,8,2,1,3,8,1,7,0,15,4,1,4,2,3,2,2,2,2
44,1448,2,28,3,0,4,7,1,3,1,18,3,1,23,2,3,12,11,11,11
33,827,1,29,3,0,2,6,2,1,0,22,2,0,14,4,3,13,7,3,8
50,1452,1,11,1,0,3,3,2,3,0,15,2,0,21,5,3,5,4,4,4
19,602,2,1,5,0,1,8,2,0,0,21,1,0,1,5,4,0,0,0,0
42,319,1,24,3,1,3,4,1,1,1,21,4,1,10,5,2,10,9,5,8
38,1245,2,14,1,1,3,7,1,0,0,11,4,1,10,3,3,9,8,7,7
50,854,2,1,3,0,3,3,0,3,0,11,3,1,32,3,2,7,0,0,6
23,650,1,9,3,1,3,2,1,1,0,14,4,1,5,2,4,4,3,0,2
29,1176,2,3,3,0,3,7,1,1,0,14,1,1,6,5,2,6,0,1,2
31,1154,2,2,1,1,3,8,1,0,0,19,3,1,3,1,3,2,2,1,2
33,924,1,2,3,1,3,2,2,4,0,11,4,0,7,3,3,1,1,0,0
29,574,1,20,3,1,3,2,1,1,0,13,2,0,11,3,4,11,8,3,10
29,469,2,10,3,1,2,7,2,9,0,11,3,0,8,2,3,5,2,1,4
45,1316,1,29,3,1,3,6,2,5,0,13,2,0,9,2,2,6,5,0,3
45,252,1,1,4,1,4,3,1,0,0,11,3,1,25,2,3,24,0,1,7
36,1302,1,6,1,1,4,2,1,3,1,13,4,1,9,3,3,3,2,0,2
37,1115,1,1,1,1,2,4,0,1,0,18,3,1,7,2,4,7,5,0,7
32,1259,1,2,1,1,3,2,2,1,0,12,1,0,1,2,3,1,0,0,0
24,381,1,9,3,1,3,2,2,2,1,11,3,0,4,2,2,0,0,0,0
28,1117,1,8,1,0,3,6,2,1,0,21,4,0,5,3,3,5,3,0,2
34,967,1,16,5,1,1,6,1,1,1,23,2,1,5,2,3,5,2,3,0
29,598,1,9,1,1,4,6,1,6,0,18,1,2,5,2,2,1,0,0,0
45,788,0,24,3,1,3,1,2,1,0,16,1,0,6,3,3,6,3,0,4
30,879,1,9,3,0,3,4,2,7,1,18,3,0,10,3,3,8,4,1,7
24,813,1,1,3,1,3,6,1,2,1,16,1,1,6,2,2,2,0,2,0
31,408,1,9,1,1,2,6,2,0,1,16,4,0,3,5,3,2,2,2,2
54,1147,2,3,2,0,3,7,1,2,0,14,4,1,16,4,3,6,2,0,5
37,228,2,6,3,1,3,7,1,4,0,14,2,1,7,5,4,5,4,0,1
35,464,1,4,4,1,3,2,0,1,0,12,3,1,1,3,3,1,0,0,0
60,370,1,1,3,1,1,0,0,3,0,20,3,1,19,2,4,1,0,0,0
36,917,1,6,1,1,1,2,0,1,0,14,3,1,7,4,3,7,7,1,7
39,722,2,24,2,0,2,7,1,0,0,11,1,1,21,2,2,20,9,9,6
29,153,1,15,1,0,2,2,2,0,1,12,4,0,10,3,3,9,5,0,8
27,1115,1,3,3,1,2,6,2,0,0,13,4,0,5,0,3,4,2,1,1
38,770,2,10,2,1,2,7,0,0,1,14,2,2,9,2,3,8,7,2,7
42,458,1,26,3,0,3,5,1,3,1,17,3,0,20,6,3,1,0,0,0
59,1324,1,3,3,0,4,2,1,4,1,20,1,3,12,3,2,1,0,0,0
42,469,1,2,3,1,3,3,1,0,0,17,4,1,23,3,3,22,6,13,7
26,1330,1,21,3,1,3,2,0,1,0,20,3,1,1,0,2,1,1,0,0
41,483,1,6,3,1,2,4,2,6,1,15,4,0,8,3,3,5,4,1,2
35,144,1,22,1,1,1,2,2,0,0,15,3,0,6,2,3,5,4,4,3
57,593,1,1,3,1,3,0,1,2,0,11,3,0,15,2,3,3,2,1,2
31,1062,1,24,3,0,2,0,2,1,0,19,2,0,10,2,3,10,9,1,8
59,1420,0,2,0,0,2,3,1,9,0,21,4,1,30,3,3,3,2,2,2
34,943,1,9,1,1,3,0,0,0,0,11,4,1,10,0,2,9,7,1,6
40,905,1,19,3,1,3,2,1,8,1,15,3,1,15,2,4,7,2,3,7
34,618,1,3,1,1,3,0,2,0,0,17,3,0,7,1,2,6,2,0,4
41,840,1,9,3,1,3,5,0,2,0,17,2,1,21,2,4,18,16,0,11
35,1204,2,4,5,1,3,7,2,0,1,22,1,0,9,2,3,8,7,4,7
35,1315,1,22,1,0,4,3,0,7,0,18,2,1,10,6,2,7,7,6,2
35,1219,2,18,3,0,3,7,1,1,0,16,2,0,5,3,3,5,2,1,0
25,675,1,5,1,1,4,0,0,1,0,12,4,2,6,2,3,6,3,1,5
49,1495,1,5,5,1,3,0,1,2,0,14,2,1,20,0,2,3,2,1,2
36,1266,2,10,5,0,2,7,1,1,1,13,1,1,10,4,3,10,9,1,7
26,471,1,24,5,1,1,2,2,1,1,18,2,0,1,3,1,1,0,0,0
58,682,2,10,3,1,3,7,2,0,0,13,3,0,38,1,2,37,10,1,8
27,1242,2,20,1,0,3,7,2,1,0,14,4,0,7,2,3,7,7,0,7
42,603,1,7,3,0,4,6,1,6,1,16,4,0,18,2,3,1,0,0,0
29,1210,2,2,3,1,2,7,1,2,0,19,2,2,10,2,3,0,0,0,0
27,1055,1,2,1,0,3,4,1,0,0,18,2,1,4,2,3,3,2,2,2
42,1128,1,13,3,1,4,0,1,5,0,18,3,2,10,2,2,0,0,0,0
30,413,2,7,2,1,3,8,2,0,0,14,1,0,4,3,3,3,2,1,2
20,959,1,1,1,0,2,6,2,1,0,13,4,0,1,0,4,1,0,0,0
32,1005,1,2,1,1,3,2,2,0,0,13,3,0,8,2,2,7,7,3,6
21,251,1,10,1,0,2,2,2,1,0,20,3,0,2,2,1,2,2,2,2
27,793,2,2,1,1,1,7,2,3,0,20,2,0,8,3,3,6,2,0,0
18,1306,2,5,2,1,3,8,2,1,1,14,4,0,0,3,3,0,0,0,0
18,230,1,3,1,1,3,2,2,1,0,13,3,0,0,2,3,0,0,0,0
30,1334,2,4,3,0,2,7,0,1,1,12,2,3,11,4,2,11,8,2,7
41,548,1,9,1,1,3,2,0,1,0,20,2,2,5,2,3,5,3,0,4
28,1496,2,1,5,1,3,8,1,3,0,15,4,1,5,3,4,3,2,1,2
30,852,1,1,1,1,2,2,1,1,1,12,3,2,10,1,2,10,8,3,0
21,1334,1,10,1,0,2,2,2,1,0,13,1,0,1,6,2,1,0,1,0
36,660,1,15,4,1,3,2,0,7,0,14,2,1,9,3,2,1,0,0,0
32,967,2,8,2,0,3,7,2,1,0,14,4,0,9,2,3,9,8,3,7
38,1391,1,10,3,1,3,6,1,0,0,17,2,1,3,0,2,2,1,0,2
32,801,2,1,2,0,3,7,1,1,0,19,3,2,14,3,3,14,10,5,7
27,1297,1,5,1,0,3,2,2,0,1,14,3,0,6,3,2,5,4,0,2
29,144,2,10,2,0,2,7,0,1,1,14,1,2,7,2,3,7,7,1,7
29,1328,1,2,1,1,3,6,1,0,0,23,4,1,6,3,3,5,4,0,4
33,213,1,7,3,1,3,5,1,0,0,11,4,0,14,3,4,13,9,3,7
50,264,2,9,2,1,3,3,1,4,1,16,3,1,27,2,3,1,0,0,0
32,427,1,1,3,1,3,4,1,1,1,22,2,1,9,3,3,9,8,7,8
36,1383,1,10,1,1,3,0,1,7,1,13,4,1,15,1,3,12,8,5,7
36,1351,1,26,1,1,3,0,1,6,0,14,2,2,10,2,2,3,2,0,2
38,322,2,7,3,0,4,7,0,1,1,24,3,1,8,3,3,8,0,7,7
55,267,2,13,2,1,4,7,2,6,1,17,3,0,24,2,2,19,7,3,8
30,201,1,5,5,0,3,6,0,5,0,14,4,1,8,3,3,3,2,2,2
45,1195,1,2,3,1,2,3,1,9,0,23,4,1,22,1,3,20,8,11,8
37,1107,1,14,1,0,3,2,0,1,0,12,3,1,18,2,2,18,7,12,17
51,1302,1,2,3,1,1,4,0,5,0,18,4,1,13,3,3,4,1,1,2
30,1329,2,29,1,1,3,7,0,8,0,19,3,3,8,3,3,4,3,0,3
29,121,2,27,2,0,3,7,1,1,0,22,4,3,10,3,2,10,4,1,9
32,499,2,2,2,1,3,7,1,0,1,13,1,3,4,3,2,3,2,1,2
39,835,1,19,4,1,3,6,0,8,0,14,2,3,7,2,3,2,2,2,2
37,1439,1,4,1,1,3,6,1,7,1,15,4,0,8,2,3,6,4,1,3
36,188,1,7,4,1,3,6,2,2,0,18,3,0,8,6,3,6,2,0,1
38,1333,1,1,5,0,3,5,1,1,0,13,2,1,15,3,3,15,12,5,11
48,1221,2,7,2,1,3,7,0,4,0,11,1,3,15,3,3,2,2,2,2
26,575,1,1,1,0,1,2,0,3,0,14,1,1,5,2,3,2,2,2,0
33,931,1,14,3,0,3,6,1,1,0,13,4,1,8,5,3,8,7,1,6
57,334,1,24,1,1,4,0,0,3,1,16,2,1,12,2,1,5,3,1,4
38,148,1,2,3,0,2,2,2,1,0,22,2,0,4,3,3,4,3,3,3
42,1147,0,10,0,0,3,3,1,0,0,14,3,1,21,5,3,20,7,0,9
36,541,2,3,3,1,2,7,1,4,0,11,1,1,16,2,3,13,9,1,12
51,237,2,9,1,1,3,3,0,4,1,24,1,1,31,5,2,29,10,11,10
45,1249,1,7,1,1,3,2,0,1,0,18,1,1,24,2,3,24,9,9,11
40,1322,1,2,1,1,2,6,2,2,0,14,4,0,8,2,3,2,2,2,2
43,1372,2,9,2,0,1,7,2,8,0,13,2,0,7,2,2,4,3,1,3
35,1142,1,23,3,0,3,2,1,3,1,15,3,1,4,3,3,2,2,2,2
26,583,1,4,1,1,3,6,2,1,1,20,2,0,8,2,2,8,5,2,2
31,163,1,24,5,0,3,4,2,2,0,20,4,0,9,3,2,5,4,1,4
37,161,1,10,1,0,4,5,1,1,1,25,1,1,16,2,3,16,11,6,8
34,507,2,15,3,0,3,7,2,1,0,12,4,0,10,6,4,10,8,9,6
53,970,1,7,1,1,4,5,1,3,0,19,3,0,32,3,3,5,1,1,3
40,611,2,7,3,1,3,3,2,1,0,14,2,0,21,3,2,21,8,12,8
47,1093,2,9,1,1,1,7,1,7,0,11,3,0,25,3,1,23,5,14,10
30,641,2,25,5,0,3,7,1,7,1,12,2,1,4,2,4,2,2,2,2
31,154,2,7,1,1,2,8,1,3,0,15,2,0,13,2,4,7,7,5,2
52,621,2,3,2,1,2,3,1,1,0,11,1,0,34,3,4,34,6,1,16
26,1479,1,1,1,0,3,4,0,1,0,20,1,1,6,6,1,6,5,1,4
44,602,0,1,0,1,3,1,1,4,1,11,3,0,14,3,3,10,7,0,2
45,930,2,9,2,1,3,7,0,4,1,12,3,1,18,2,3,5,4,0,2
20,1097,1,11,3,0,2,6,2,1,1,15,1,0,1,2,3,1,0,0,0
28,440,1,21,3,1,3,6,1,1,0,11,3,1,5,2,1,5,2,0,2
39,1498,2,21,1,1,2,7,1,3,1,12,4,2,8,2,4,5,4,1,4
37,671,1,19,1,1,3,4,1,3,0,17,1,3,9,2,2,4,3,0,2
31,1112,2,5,1,0,3,7,1,1,0,11,1,2,10,2,3,10,0,0,2
34,121,1,2,3,0,2,6,2,1,0,11,3,0,6,3,3,6,5,1,3
37,446,1,1,1,0,3,4,1,6,0,12,2,1,8,2,2,6,5,4,3
28,640,1,1,5,1,3,6,2,2,0,11,2,0,5,2,2,3,2,1,2
31,691,1,5,5,1,3,6,1,0,1,12,3,1,6,4,3,5,2,0,3
50,1322,1,28,1,0,3,5,1,4,1,11,2,0,25,2,3,3,2,1,2
43,807,1,17,5,1,2,6,1,9,1,16,4,1,6,4,3,1,0,0,0
27,1420,2,2,2,1,3,8,0,0,0,11,2,1,5,3,3,4,3,0,2
45,1268,2,4,1,0,3,7,0,4,1,11,1,1,9,3,4,5,4,0,3
54,142,0,26,0,0,4,3,2,2,1,12,3,0,23,3,3,5,3,4,4
35,1490,1,11,3,1,3,2,1,7,1,11,3,1,5,3,3,2,2,2,2
30,231,2,8,4,1,3,7,0,5,0,11,1,1,10,2,4,8,4,7,7
22,457,1,26,4,0,2,6,1,1,1,14,2,0,4,2,2,4,2,1,3
55,189,0,26,0,1,4,3,1,4,1,18,1,1,35,0,3,10,9,1,4
54,431,1,7,3,0,3,6,1,4,0,15,2,1,14,2,2,7,1,1,7
31,979,1,1,3,1,1,4,1,0,0,12,4,1,6,2,3,5,4,1,4
20,500,2,2,3,0,2,8,2,1,0,13,4,0,2,3,2,2,2,0,2
49,279,1,8,1,1,2,6,1,1,0,23,4,1,10,3,3,10,7,1,7
37,1063,1,25,3,0,3,6,1,3,1,15,1,2,15,2,3,13,11,10,7
25,977,1,2,4,1,3,2,0,6,1,19,3,1,7,2,2,2,2,0,2
29,1370,1,3,3,1,3,2,2,1,1,18,4,0,10,3,3,10,9,1,5
28,1172,2,3,3,0,3,8,1,1,0,19,4,1,1,3,3,1,0,0,0
41,465,1,14,1,1,3,6,0,4,0,12,1,1,13,2,3,9,8,1,8
31,1188,2,20,2,0,3,7,1,1,0,13,4,1,9,2,2,9,8,0,0
30,1358,2,16,1,1,3,7,1,8,0,15,3,2,4,2,2,2,1,2,2
36,635,1,18,3,0,3,2,2,1,0,13,1,0,8,2,3,8,1,1,7
54,685,1,3,1,1,3,5,1,3,0,14,1,0,36,2,3,10,9,0,9
38,130,2,2,2,1,3,7,2,7,0,16,3,0,10,2,3,1,0,0,0
38,1261,1,2,1,1,3,4,1,9,0,14,2,0,14,3,3,1,0,0,0
38,216,1,23,1,1,2,4,2,0,0,21,2,0,10,2,3,9,7,1,8
28,1179,1,19,3,1,2,2,1,1,0,12,3,3,6,2,3,6,5,3,3
34,216,2,1,2,1,4,7,0,0,0,11,4,1,16,2,2,15,1,0,9
36,845,2,1,3,0,3,7,2,4,0,15,2,0,7,6,3,1,0,0,0
29,459,1,24,1,1,2,6,2,1,1,24,2,0,1,3,2,1,0,1,0
54,928,1,20,1,0,3,6,2,3,0,12,4,0,20,4,2,4,3,0,3
36,566,1,18,1,1,4,2,1,4,0,18,4,2,4,2,3,1,0,0,0
36,1120,2,11,2,0,2,7,1,4,0,13,1,1,8,2,2,6,3,0,0
32,1200,1,1,5,1,3,6,1,4,0,14,2,1,9,3,2,6,5,1,2
60,1179,2,16,2,1,3,7,2,8,0,14,4,0,10,1,3,2,2,2,2
33,867,1,8,1,1,4,6,1,6,0,19,2,1,14,1,3,10,8,7,6
38,1189,1,1,1,1,3,6,1,7,0,15,4,2,19,4,4,13,11,2,9
29,942,1,15,1,0,1,6,1,0,1,18,1,1,6,2,2,5,4,1,3
53,238,2,1,3,0,3,7,2,7,0,20,4,0,18,2,4,14,7,8,10
55,147,1,20,5,1,3,2,1,3,1,19,4,1,12,4,3,10,7,0,8
50,1046,1,10,5,1,2,0,2,6,0,15,4,0,20,2,3,4,3,1,3
35,1229,1,8,1,1,4,2,1,1,0,19,4,0,1,2,3,1,0,0,1
46,1254,2,10,1,0,3,7,1,5,0,21,3,3,14,2,3,8,7,0,7
23,1320,1,8,3,1,2,2,2,1,1,11,1,0,5,2,3,5,4,1,2
54,1217,1,2,5,0,3,5,1,9,0,12,1,1,16,5,1,4,3,0,3
25,867,2,19,2,1,2,8,1,1,1,18,3,3,1,2,3,1,0,0,0
28,1158,1,9,3,1,3,6,1,1,0,23,4,1,5,3,2,5,2,0,4
56,1400,1,7,1,1,1,4,2,4,0,11,1,0,37,3,2,6,4,0,2
44,1097,1,10,1,1,3,6,2,1,1,11,3,0,6,4,3,6,4,0,2
45,1199,1,7,1,1,4,4,1,4,0,17,4,1,9,1,3,3,2,0,2
38,152,2,10,5,0,3,7,2,1,1,13,2,0,6,1,3,5,3,1,3
48,1108,1,15,4,0,3,6,1,8,0,12,4,1,10,3,2,8,2,7,6
33,1216,2,8,2,1,3,7,0,0,0,12,4,0,6,3,3,5,0,1,2
40,580,2,5,1,1,2,7,1,5,1,21,3,1,20,2,3,18,13,1,12
38,1180,1,29,3,1,3,0,1,7,1,19,2,0,17,2,3,1,0,0,0
41,930,2,3,1,1,2,7,0,2,0,11,3,1,14,5,3,5,4,0,4
39,170,1,3,3,1,2,2,0,0,0,15,4,1,11,3,3,10,8,0,7
41,256,2,10,3,1,1,7,2,1,0,13,1,0,19,4,3,19,2,11,9
33,722,2,17,1,1,3,3,2,1,0,11,4,0,10,2,3,10,8,6,0
24,1287,1,7,1,0,3,2,1,1,1,16,4,1,6,4,3,6,3,1,2
38,168,1,1,1,0,3,4,2,4,1,14,4,0,10,4,4,1,0,0,0
36,1278,0,8,1,1,2,1,1,0,0,21,3,0,6,3,3,5,4,0,3
29,1413,2,1,3,0,3,7,1,1,0,14,4,1,11,5,3,11,10,4,1
33,461,1,13,1,0,3,6,2,3,0,18,1,0,5,4,3,3,2,0,2
29,986,1,3,3,1,2,5,1,1,0,18,3,0,10,2,3,10,2,0,7
37,807,0,6,0,1,3,1,0,4,1,22,4,0,7,3,3,3,2,0,2
38,343,1,15,1,1,2,5,0,0,1,14,2,1,12,3,3,11,10,2,9
45,1238,1,1,1,1,2,0,1,3,0,23,4,1,25,3,2,23,15,14,4
24,1092,1,9,1,1,2,2,0,1,0,11,3,3,1,4,3,1,0,0,0
36,938,1,2,3,1,3,2,2,4,0,21,3,0,16,6,3,11,8,3,9
24,673,1,11,4,0,4,4,0,0,0,18,4,1,5,5,2,4,2,1,3
35,607,1,9,1,0,2,4,1,1,1,20,2,1,17,2,3,17,14,5,15
52,890,1,25,3,0,2,4,1,3,0,22,3,0,31,3,3,9,8,0,0
54,376,1,19,3,0,3,4,0,9,1,11,2,2,9,4,3,5,3,1,4
45,1339,1,7,1,1,3,6,0,2,0,17,3,1,25,2,3,1,0,0,0
39,1387,1,10,3,1,3,4,1,2,0,13,4,3,10,3,3,7,7,7,7
45,561,2,2,4,1,3,7,1,0,0,19,2,1,9,3,4,8,7,3,7
35,130,1,25,1,0,3,6,0,1,1,19,1,1,10,3,2,10,2,7,8
39,117,1,10,3,1,3,3,1,1,1,14,4,0,21,3,3,21,9,11,10
34,254,1,1,1,1,2,6,1,1,1,13,4,1,6,3,3,6,5,1,3
45,1052,2,6,3,0,2,7,2,6,0,12,4,0,23,2,3,19,7,12,8
25,309,0,2,0,0,3,1,1,4,0,14,3,0,6,3,3,2,0,1,2
37,728,1,1,3,0,3,5,0,2,1,18,1,2,15,2,3,5,2,0,2
22,1294,1,8,3,0,3,2,1,1,1,17,3,0,1,6,3,1,0,0,0
45,1015,1,5,3,0,1,2,2,1,1,14,1,0,10,3,3,10,7,1,4
42,288,1,2,1,1,3,0,1,2,1,14,3,1,24,3,1,20,8,13,9
34,629,1,27,3,0,3,6,2,2,0,15,4,0,9,3,3,3,2,1,2
34,167,1,8,1,0,3,4,0,3,0,14,3,1,7,3,3,0,0,0,0
49,809,1,1,1,1,3,3,2,4,0,14,1,0,23,2,3,8,7,0,0
36,1223,1,8,5,0,3,0,0,1,0,13,2,3,17,2,3,17,14,12,8
29,665,1,15,1,1,3,6,2,1,0,19,1,0,6,1,3,6,5,1,5
27,199,1,6,1,1,2,6,1,1,0,13,3,1,4,0,3,4,2,2,2
36,1213,0,2,0,1,2,1,2,1,0,21,4,0,10,2,2,10,1,0,8
35,660,2,7,1,1,3,8,1,1,0,13,1,1,1,3,3,1,0,0,0
43,313,1,21,3,1,3,2,1,7,0,20,1,1,8,1,3,3,2,1,2
35,992,1,1,3,1,2,2,2,1,0,19,2,0,3,3,3,3,0,1,2
53,124,2,2,2,0,2,7,1,2,0,12,1,1,30,2,3,15,7,6,12
31,525,2,6,3,1,4,7,0,4,0,22,4,2,13,4,4,7,7,5,7
50,333,1,22,3,1,1,5,2,1,1,13,4,0,32,2,3,32,6,13,9
25,949,1,1,5,1,3,2,1,4,0,11,2,1,7,2,2,3,2,0,2
39,613,1,6,3,1,2,0,1,4,0,15,1,1,9,5,3,7,7,1,7
34,419,1,7,1,0,3,5,2,0,0,11,3,0,13,4,3,12,6,2,11
35,950,1,7,4,1,3,4,2,3,0,21,2,0,17,3,4,8,5,1,6
20,805,1,3,1,1,2,2,2,1,0,12,1,0,2,2,2,2,2,1,2
27,591,1,2,3,1,3,2,1,9,0,12,4,1,6,3,3,2,2,2,2
27,1377,2,2,1,1,3,7,2,1,1,11,1,0,5,3,3,5,4,0,4
52,1053,1,1,1,1,3,3,1,2,0,15,2,1,26,2,2,9,8,7,8
32,116,1,13,4,0,2,2,1,1,0,20,3,1,2,2,3,2,2,2,2
50,1099,1,29,1,1,2,3,1,0,0,15,2,1,28,2,3,27,10,15,7
49,636,1,10,1,0,3,5,2,9,1,11,4,0,22,4,3,3,2,1,2
32,374,1,25,1,1,3,2,2,1,1,24,3,0,1,2,1,1,0,0,1
34,135,1,19,3,0,3,2,0,4,0,13,3,2,15,2,4,11,8,5,10
36,922,1,3,1,0,3,2,0,5,0,22,1,1,7,2,3,1,0,0,0
52,994,1,7,1,1,3,0,2,7,0,19,4,0,18,4,3,8,6,4,0
30,1427,1,2,3,1,2,2,2,0,0,13,4,0,6,3,3,5,3,1,2
58,350,2,2,3,1,3,3,0,4,0,22,4,1,37,0,2,16,9,14,14
42,570,1,8,1,1,3,3,0,1,0,13,2,1,24,4,2,24,7,14,9
49,1313,2,11,2,0,3,7,2,3,0,12,3,0,8,1,4,5,1,0,4
43,415,2,25,3,1,2,7,0,5,0,13,3,1,18,5,3,1,0,0,0
40,896,1,2,3,1,3,6,0,2,0,14,3,1,8,3,4,3,1,1,2
55,452,1,1,3,1,3,3,2,0,1,14,3,0,37,2,3,36,10,4,13
32,1311,1,7,1,1,4,2,1,1,0,20,3,0,5,3,1,5,1,0,3
55,444,1,2,3,1,2,3,2,7,0,15,2,0,31,3,4,9,7,6,2
31,192,1,2,1,1,3,6,0,0,1,18,2,1,3,2,1,2,2,2,2
43,990,1,27,5,1,4,2,0,5,0,12,3,1,8,0,3,6,4,0,2
34,404,1,2,5,0,3,0,2,1,0,11,4,0,14,2,4,14,11,4,11
40,804,1,2,3,0,2,6,2,0,1,20,4,0,5,2,2,4,2,2,3
42,335,1,23,1,1,2,6,2,1,0,12,4,0,20,2,3,20,9,3,7
28,580,1,27,3,0,1,4,0,0,0,21,2,1,6,5,2,5,3,0,0
40,720,1,16,3,1,2,2,2,6,0,14,4,0,10,6,3,1,0,0,0
35,1343,1,27,3,0,2,6,2,1,0,11,4,0,6,3,2,6,5,1,1
32,1089,1,7,1,1,3,2,1,1,0,18,1,1,10,3,3,10,4,1,1
34,1153,1,1,3,1,3,4,1,1,0,15,3,0,5,2,3,5,2,1,3
35,104,1,2,1,0,3,2,0,1,1,12,4,1,1,2,3,1,0,0,0
20,1141,2,2,3,0,3,8,2,1,0,19,1,0,2,3,3,2,2,2,2
52,1490,1,4,1,0,3,3,1,2,0,13,4,0,31,2,1,5,2,1,4
49,271,1,3,3,0,2,2,1,4,0,25,1,1,10,3,3,3,2,1,2
44,981,1,5,1,1,2,2,2,3,0,14,4,0,7,5,3,5,2,0,3
36,1229,2,8,5,1,3,7,0,4,0,13,4,2,12,3,3,7,7,0,7
32,634,1,5,4,0,4,6,1,3,0,17,4,2,6,3,3,3,2,0,2
22,581,1,1,1,1,3,6,2,0,0,12,4,0,4,2,4,3,2,1,2
37,367,1,25,3,0,2,0,0,7,0,13,3,2,9,2,3,6,2,1,3
30,1116,1,2,3,0,3,2,2,0,0,14,3,0,12,2,2,11,7,6,7
33,589,1,28,1,1,3,2,1,1,1,12,2,1,15,3,3,15,14,5,7
41,337,2,8,2,0,3,7,1,5,0,21,3,1,14,3,3,5,4,1,4
41,582,1,28,1,0,2,4,1,0,0,23,3,1,21,3,3,20,7,0,10
29,490,1,10,1,0,3,6,0,0,0,14,4,2,8,2,2,7,5,1,1
51,1178,2,14,1,0,3,7,1,4,0,11,3,1,18,2,2,7,7,0,7
53,1168,2,24,1,1,3,7,2,6,1,13,2,0,15,2,2,2,2,2,2
43,177,1,8,1,0,3,4,0,4,0,21,3,1,4,2,4,1,0,0,0
29,746,2,24,5,1,4,8,2,1,0,17,4,0,1,3,3,1,0,0,0
32,430,1,24,1,1,3,2,1,1,0,15,4,2,10,2,3,10,8,4,7
28,1434,1,5,5,1,3,2,2,1,1,13,3,0,2,3,2,2,2,2,2
27,135,1,17,1,0,3,6,2,1,1,13,4,0,8,2,3,8,2,7,7
35,944,2,1,2,0,3,7,2,1,0,14,1,0,10,3,4,10,7,0,8
42,932,1,1,1,0,2,4,1,9,1,13,4,1,8,4,3,4,3,0,2
34,1354,1,5,3,0,2,3,2,2,0,12,4,0,14,6,3,11,10,5,8
25,141,2,3,4,1,3,7,1,1,1,18,4,0,5,3,3,5,3,0,3
34,1346,1,19,3,1,3,2,0,0,0,11,3,1,3,2,3,2,2,1,2
27,798,1,6,3,0,2,6,0,0,0,12,3,2,6,5,2,5,3,0,3
34,234,1,9,1,1,3,2,1,4,0,17,3,1,11,3,2,7,1,0,7
33,813,1,14,3,1,3,2,1,5,1,13,3,1,8,2,1,5,4,0,4
27,1302,1,19,4,1,2,2,0,1,0,11,1,2,7,3,3,7,7,0,7
35,982,1,1,3,1,2,2,1,6,0,12,2,1,10,2,3,8,0,1,7
35,662,2,1,2,1,3,7,1,1,0,13,1,2,10,3,3,10,8,0,6
23,977,1,10,5,1,4,6,1,2,0,16,4,1,4,2,3,2,2,2,2
45,538,1,1,5,1,3,0,0,1,0,12,1,3,10,4,3,10,8,7,7
31,307,1,29,3,1,2,2,2,0,0,11,2,0,6,2,4,5,4,1,4
47,1162,1,1,3,0,3,5,1,0,0,18,1,2,14,3,1,13,8,5,12
46,488,2,2,5,0,1,3,1,3,1,12,2,1,28,2,2,7,7,7,7
42,916,1,17,1,0,4,6,2,3,1,13,3,0,10,1,3,3,2,0,2
35,662,2,18,2,0,3,7,1,0,1,18,3,1,5,0,2,4,2,3,2
55,1311,1,2,1,0,3,3,2,2,1,13,3,0,30,2,3,5,4,1,2
34,648,0,11,1,1,2,1,1,4,0,11,4,2,14,5,4,10,9,1,8
45,193,1,6,4,1,3,5,1,4,1,14,2,0,17,3,4,0,0,0,0
32,1146,1,15,3,0,3,0,0,5,0,18,2,1,9,6,3,5,1,1,2
51,770,0,5,1,1,3,3,0,1,1,11,2,1,33,2,3,33,9,0,10
30,1400,1,3,1,1,3,2,1,4,0,15,3,1,9,3,1,5,3,1,4
37,1252,2,19,3,1,3,7,2,1,1,13,4,0,10,2,3,10,0,0,9
34,1003,1,2,1,1,3,4,2,2,0,11,4,0,5,3,2,3,2,0,2
54,157,1,10,3,0,3,4,2,6,1,19,4,0,9,3,3,5,2,1,4
49,1475,1,28,1,1,2,2,2,3,0,20,1,0,20,2,3,4,3,1,3
28,773,1,6,1,1,2,6,0,1,1,14,4,1,3,2,3,3,1,0,2
38,437,2,16,1,0,3,7,2,2,0,12,2,0,8,5,4,3,2,1,2
26,1357,1,25,1,1,1,2,2,1,0,12,3,0,1,2,2,1,0,0,1
26,786,1,7,3,1,3,2,2,1,0,20,3,0,7,5,3,7,7,5,7
31,561,1,3,1,0,3,6,2,1,0,12,1,0,7,2,1,7,2,7,7
32,495,1,10,3,1,3,3,2,2,0,25,2,0,10,5,4,5,2,0,0
40,759,2,2,2,0,3,7,0,7,0,12,3,2,8,5,3,5,4,1,3
58,848,1,23,1,1,3,6,0,1,0,12,4,2,2,3,3,2,2,2,2
42,810,1,23,1,0,3,5,2,2,0,14,2,0,16,2,3,1,0,0,0
34,1107,0,9,5,0,3,1,1,1,0,15,4,0,2,0,3,2,2,2,2
40,630,2,4,2,1,2,7,1,7,0,11,1,1,15,2,2,12,11,2,11
34,511,2,3,1,0,1,7,2,5,0,12,1,0,6,3,3,2,2,2,2
28,280,0,1,1,1,3,1,0,1,0,15,2,1,3,2,3,3,2,2,2
40,530,1,1,1,1,2,0,1,1,0,22,4,1,22,3,2,22,3,11,11
32,588,2,8,5,0,2,7,1,1,1,11,4,0,13,2,3,13,12,11,9
48,1236,1,1,1,0,2,3,1,7,0,11,1,1,21,3,1,3,2,0,2
36,607,2,7,2,0,4,7,1,2,0,16,4,1,17,2,2,15,7,6,13
42,926,1,21,3,0,3,4,0,2,0,16,2,1,11,5,3,5,3,0,2
58,781,1,2,1,1,2,2,0,9,1,14,4,1,3,3,2,1,0,0,0
34,1381,2,4,2,0,3,7,1,9,0,15,1,1,6,3,3,3,2,1,2
34,1157,1,5,3,1,2,2,1,1,0,14,3,1,15,3,4,15,10,4,13
41,642,1,1,1,1,3,6,1,3,0,22,1,1,12,3,3,5,3,1,0
35,735,1,6,1,1,3,6,1,0,1,14,4,0,4,3,3,3,2,2,2
30,1275,1,28,3,0,3,6,1,1,0,13,4,2,11,2,3,10,8,1,9
26,652,1,7,4,1,4,2,2,0,0,12,4,0,8,2,3,7,7,0,7
29,1107,1,28,1,0,3,6,0,4,0,22,1,1,11,1,3,7,5,1,7
41,509,1,7,5,0,4,6,1,1,0,13,3,0,10,3,3,10,6,0,8
55,836,1,2,5,1,2,6,1,8,0,20,2,1,19,2,4,5,2,0,4
54,821,1,5,3,1,3,5,1,4,0,11,3,1,24,4,2,4,2,1,2
39,466,1,1,1,0,2,4,1,1,0,16,3,1,21,3,3,21,6,11,8
31,523,1,2,1,1,3,2,1,6,1,13,3,1,7,2,1,2,2,2,2
44,921,1,2,1,0,4,0,1,1,1,19,2,1,9,2,3,8,7,6,7
36,530,2,3,1,1,2,7,1,1,1,11,1,1,16,6,3,16,7,3,7
29,1401,1,6,3,0,3,2,1,1,0,13,1,1,10,5,3,10,8,0,8
41,802,2,9,1,1,3,7,0,3,1,13,3,1,12,2,3,9,7,0,7
52,956,1,6,5,1,3,6,0,3,1,12,2,2,18,3,3,10,9,6,9
28,103,1,24,1,1,2,2,2,5,1,14,2,0,6,4,3,4,2,0,3
40,676,1,9,1,1,3,2,2,3,0,14,2,0,15,3,1,5,4,1,0
59,1435,2,25,1,0,3,7,2,7,0,11,4,0,28,3,2,21,16,7,9
45,192,1,10,1,1,3,6,1,3,0,21,4,2,8,3,2,2,2,0,2
53,1436,2,6,2,1,3,8,1,2,1,20,4,1,13,3,1,7,7,4,5
46,377,2,9,2,1,3,7,0,4,0,11,1,1,28,1,4,7,7,4,3
40,1171,1,10,1,0,4,2,1,3,1,13,3,1,10,3,3,7,7,1,7
31,182,1,8,1,0,3,5,2,3,0,11,3,0,9,3,4,3,2,1,0
42,555,2,26,2,0,3,7,1,5,0,14,4,1,23,2,4,20,4,4,8
60,696,2,7,2,1,4,7,0,0,1,18,2,1,12,3,3,11,7,1,9
40,1124,2,1,3,1,1,7,1,2,1,22,3,3,6,2,2,4,3,0,2
19,1181,1,3,3,0,3,2,2,1,0,14,4,0,1,3,3,1,0,0,0
26,1349,1,23,1,0,3,6,0,1,0,22,2,2,3,3,1,3,2,0,2
45,805,1,4,1,1,3,2,1,1,0,12,2,0,9,5,2,9,7,0,8
50,1207,1,28,3,1,4,2,1,1,1,11,3,3,20,3,3,20,8,3,8
29,115,2,13,5,0,3,7,2,5,0,11,1,0,7,4,1,5,3,0,0
28,1476,1,16,3,1,4,0,2,0,0,19,3,0,9,2,3,8,3,0,7
40,902,1,26,3,0,2,6,1,3,1,13,4,1,16,3,1,1,1,0,0
32,1184,1,1,1,0,2,2,1,6,0,20,3,0,5,3,3,3,0,0,2
59,1089,2,1,5,1,3,3,1,3,1,14,3,1,14,1,1,6,4,0,4
32,1373,1,5,1,1,2,4,2,8,0,24,2,0,8,1,3,1,0,0,0
40,300,2,26,2,1,3,7,1,1,0,14,2,1,8,3,2,7,7,7,5
33,775,1,4,5,1,3,6,0,5,0,15,4,2,11,2,2,9,8,1,7
36,635,2,10,3,1,3,7,2,1,0,14,4,0,10,3,2,10,3,9,7
19,645,1,9,1,1,3,6,2,1,0,25,3,0,1,4,3,1,1,0,0
37,1470,1,10,3,0,3,6,1,1,0,11,1,1,8,2,1,8,4,7,7
39,412,1,13,3,0,2,3,0,6,1,13,4,2,21,4,3,19,9,15,2
33,553,1,5,1,0,3,3,1,6,0,11,2,2,12,2,3,10,6,8,8
30,855,2,7,2,0,3,7,0,7,0,14,2,2,8,3,3,3,2,0,2
31,202,1,8,1,0,2,6,2,1,0,12,3,0,1,3,4,1,0,0,0
26,921,1,1,3,0,2,6,0,1,0,13,3,2,5,5,3,5,3,1,3
40,1194,1,2,3,0,3,6,1,2,0,14,2,3,20,2,3,5,3,0,2
36,711,1,5,1,0,3,0,1,4,0,12,3,2,9,6,3,3,2,0,2
25,1356,2,10,1,1,3,7,2,0,0,14,2,0,5,4,3,4,3,1,1
33,1141,2,1,1,0,4,7,1,2,0,19,1,2,10,3,3,5,3,1,3
43,1291,1,15,1,1,2,5,1,1,0,24,1,1,14,3,3,14,10,6,11
40,593,1,9,3,0,3,5,2,9,0,17,3,0,20,3,2,18,7,2,13
45,336,2,26,2,1,2,7,1,1,0,15,1,1,10,2,3,10,7,4,5
32,1474,2,11,4,1,4,7,1,8,0,12,4,0,6,2,3,4,2,1,2
29,1246,2,19,1,1,2,7,0,1,0,14,3,2,10,3,3,10,7,0,4
38,1444,0,1,4,1,3,1,1,0,1,11,2,1,7,2,3,6,2,1,2
24,984,1,17,1,0,3,2,1,1,0,13,1,1,1,3,1,1,0,0,0
25,240,2,5,2,1,2,7,2,1,1,11,4,0,6,1,3,6,4,0,3
30,305,1,16,1,1,4,0,1,3,0,16,3,1,10,3,3,7,0,1,7
35,1395,1,9,3,1,3,6,2,1,0,19,2,0,10,5,3,10,7,0,8
55,436,2,2,3,1,3,7,2,4,0,16,3,0,12,3,2,9,7,7,3
35,853,2,18,1,1,3,7,1,1,0,22,4,1,9,3,2,9,8,1,8
33,350,2,5,2,0,3,8,2,1,1,13,2,0,1,2,3,1,0,0,0
33,516,1,8,1,1,3,0,2,2,1,17,1,0,14,6,3,0,0,0,0
35,737,2,10,3,1,2,7,1,9,0,17,3,0,15,3,3,13,12,6,0
32,1109,1,29,3,0,3,2,2,9,0,12,2,0,10,2,3,8,7,7,7
58,1272,1,5,5,0,2,0,0,2,1,13,4,1,24,3,3,6,0,0,4
34,296,2,6,2,0,1,8,0,0,0,16,4,1,3,3,2,2,2,1,0
49,1418,1,1,5,0,3,6,1,2,0,16,2,1,7,2,3,4,2,0,2
50,939,1,24,1,1,3,4,1,3,1,18,4,1,22,2,3,12,11,1,5
30,570,2,5,2,0,2,7,0,1,0,13,3,3,10,2,3,10,9,1,2
42,1368,1,28,5,0,2,0,1,0,0,11,4,3,7,4,4,6,5,0,4
53,661,1,1,3,0,2,4,1,4,1,20,4,3,27,2,2,3,2,0,2
29,441,1,8,4,0,1,0,1,3,0,13,3,1,9,3,3,7,7,0,7
27,1167,1,4,1,1,3,6,0,1,0,11,2,3,5,2,3,5,3,0,3
35,1224,2,7,1,0,3,7,1,1,1,11,4,0,10,2,3,10,8,0,9
19,489,0,2,5,1,2,1,2,1,0,12,3,0,1,3,4,1,0,0,0
40,1492,1,20,5,1,3,0,1,4,0,20,4,1,14,6,3,11,10,11,1
35,1182,2,11,2,1,3,7,0,1,0,11,4,1,5,3,3,5,2,0,2
46,945,0,5,3,1,3,1,0,8,1,22,4,1,16,2,3,4,2,0,2
42,532,1,29,1,0,3,6,0,2,0,11,2,1,19,3,3,5,4,0,2
45,1329,1,2,4,0,2,4,0,1,0,19,1,2,10,3,3,10,7,3,9
29,428,2,9,2,0,1,8,2,1,0,13,3,0,2,3,3,2,2,2,2
34,560,1,1,4,1,3,6,0,5,0,14,3,2,10,2,3,4,3,1,3
49,1091,1,1,5,0,2,0,2,7,1,12,4,0,25,2,3,7,1,0,7
24,1371,2,10,2,0,3,7,0,1,1,12,4,1,5,2,4,5,2,0,3
22,1368,1,4,5,1,2,2,2,5,0,16,3,0,4,3,3,2,2,1,2
30,990,1,7,5,1,3,6,0,1,0,13,2,2,1,2,2,1,0,0,0
44,200,1,29,4,1,3,6,2,1,0,25,2,0,20,3,3,20,11,13,17
30,1358,1,24,1,1,3,2,0,1,0,22,2,1,1,2,3,1,0,0,0
27,994,2,8,1,1,3,7,2,1,0,15,4,0,9,0,3,9,8,1,7
30,852,2,10,2,1,2,7,1,1,0,18,1,1,10,3,3,10,3,1,4
24,771,1,1,1,1,2,0,2,1,0,12,2,0,4,2,2,4,3,1,2
33,501,1,15,3,0,3,0,1,0,1,13,1,1,10,6,3,9,7,8,1
43,185,1,10,1,0,3,2,2,0,0,19,1,0,9,5,3,8,7,1,7
34,1111,2,8,1,0,3,7,1,5,0,17,2,1,6,1,3,3,2,1,2
46,1211,2,5,2,1,3,7,2,4,1,21,3,0,14,4,3,9,6,0,8
50,1115,1,1,1,0,3,5,1,3,1,19,1,0,28,1,2,8,3,0,7
37,625,2,1,1,1,2,7,1,5,0,11,3,0,17,2,1,14,1,11,7
29,442,2,2,1,1,3,7,2,1,0,18,1,0,10,3,2,10,7,0,9
44,383,2,1,2,0,3,7,1,7,0,12,3,1,11,4,2,1,0,0,0
44,1467,1,20,1,1,3,6,2,1,0,13,3,0,6,3,2,5,2,1,3
35,727,1,3,1,1,2,2,1,1,0,18,3,2,1,3,3,1,0,0,0
54,966,1,1,1,0,3,4,0,7,0,17,1,1,33,2,1,5,4,1,4
48,530,2,29,3,0,3,3,1,3,0,21,2,1,15,3,1,0,0,0,0
31,853,1,1,1,0,3,4,1,1,0,12,3,1,4,1,3,4,3,0,3
32,824,1,5,1,0,2,6,1,3,0,12,1,1,12,2,3,7,1,2,5
42,635,2,1,1,1,3,7,1,1,0,25,3,0,20,3,3,20,16,11,6
31,874,1,15,3,1,3,2,1,1,0,12,3,1,2,5,2,2,2,2,2
36,885,1,16,1,0,4,2,2,1,0,16,3,0,18,1,3,17,13,15,14
39,116,1,24,1,1,3,6,2,7,0,13,1,0,18,2,3,7,7,1,7
29,224,1,1,5,1,2,6,2,6,0,13,3,0,11,2,1,9,7,0,7
26,1167,2,5,4,0,2,8,2,0,0,18,4,0,5,2,3,4,2,0,0
34,1362,2,19,2,1,4,7,2,8,1,13,2,0,9,3,2,5,2,0,4
46,1319,2,3,5,0,4,7,0,2,0,12,4,1,25,5,3,19,17,2,8
38,594,1,2,3,0,2,2,1,4,0,14,2,1,9,4,2,6,1,0,5
55,1136,1,1,3,1,4,5,0,2,0,13,4,2,31,4,4,7,7,0,0
39,903,2,2,1,1,4,7,2,0,0,18,4,0,9,3,3,8,7,0,7
40,1094,2,28,4,1,1,7,0,3,0,15,3,1,20,2,3,1,0,0,1
34,303,2,2,2,0,3,8,1,6,0,18,4,1,6,3,3,4,3,1,2
29,408,1,25,5,0,2,6,1,5,0,16,2,0,6,2,4,2,2,1,1
56,310,1,7,5,1,3,2,1,8,0,11,4,1,14,4,1,10,9,9,8
32,234,2,1,3,1,2,8,1,0,0,14,2,1,3,2,3,2,2,2,2
53,1395,1,24,3,1,4,0,1,3,0,15,3,0,11,2,3,4,3,1,2
23,1243,1,6,1,1,4,2,1,1,1,21,3,2,1,2,3,0,0,0,0
35,1212,2,8,2,0,2,7,1,4,1,11,2,1,16,6,2,13,2,4,12
48,277,1,6,1,1,2,0,2,2,0,13,4,0,19,0,3,2,2,2,2
26,265,2,29,3,1,1,7,2,8,0,18,4,0,7,6,3,2,2,2,2
35,664,1,1,3,1,3,6,1,4,0,13,4,1,5,2,2,3,2,1,2
35,1199,1,18,1,1,3,0,1,1,1,14,4,2,10,2,4,10,2,0,2
38,362,1,1,1,0,3,6,2,3,0,17,4,0,8,3,2,0,0,0,0
55,1117,2,18,1,0,3,3,2,3,0,23,4,0,37,2,3,10,9,7,7
37,558,2,2,2,1,3,7,1,4,1,11,3,1,17,3,2,3,0,1,0
30,945,2,9,3,1,3,8,2,1,0,13,3,0,1,3,2,1,0,0,0
51,1318,2,26,2,0,3,3,1,2,0,14,3,1,29,2,2,20,6,4,17
31,798,1,7,1,0,2,4,1,1,0,24,1,1,10,2,3,10,9,8,9
57,210,2,29,2,1,2,3,0,3,0,12,3,1,32,3,2,1,0,0,0
32,646,1,9,1,0,3,6,1,1,1,12,4,1,6,2,2,6,4,0,5
41,167,1,12,1,1,3,2,1,3,1,11,1,1,6,4,3,1,0,0,0
38,1490,1,2,1,1,3,2,1,1,1,23,3,1,1,3,3,1,0,0,0
27,591,1,2,3,1,3,6,2,2,0,13,3,0,6,0,2,4,2,1,2
37,142,2,9,3,1,3,7,0,1,0,13,4,1,9,6,3,9,5,7,7
44,1488,2,1,2,0,3,7,0,5,1,21,3,1,9,2,2,4,3,1,3
29,1389,1,21,1,0,4,4,0,1,0,11,3,1,10,1,3,10,9,8,8
35,776,2,1,2,1,2,7,2,0,0,14,2,0,16,2,3,15,13,2,8
30,793,1,16,1,1,3,6,1,1,0,12,2,1,10,2,2,10,0,0,8
38,397,1,2,3,0,2,4,1,3,1,19,4,1,10,6,4,5,4,0,2
34,1400,2,9,1,0,3,7,1,1,0,20,1,0,6,3,2,6,5,1,3
42,265,2,5,2,1,3,3,1,6,0,13,2,0,21,3,4,1,0,0,0
48,855,1,4,1,1,3,4,2,1,0,11,3,0,11,2,3,10,9,0,8
39,408,1,2,5,0,2,0,2,1,0,11,1,0,20,4,3,20,7,11,10
49,1002,1,18,1,1,3,4,0,1,1,15,1,2,7,0,3,7,7,1,7
41,896,2,6,1,0,3,3,2,3,1,18,3,0,16,3,3,1,0,0,0
30,1240,0,9,0,1,3,1,1,0,1,19,4,0,12,2,1,11,9,4,7
40,458,1,16,1,1,3,6,0,9,0,16,2,1,6,0,3,4,2,0,0
31,667,2,1,1,0,1,8,2,1,0,12,2,0,1,3,3,1,0,0,0
44,1112,0,1,1,0,2,1,2,4,0,11,2,0,10,1,4,2,2,0,2
29,1086,1,7,3,0,2,2,0,6,0,14,3,3,8,5,3,4,3,0,3
38,508,1,6,1,1,2,4,1,2,0,11,4,1,10,1,3,8,3,7,7
41,1018,2,1,2,0,3,7,0,0,0,17,4,1,10,2,3,9,3,1,7
33,586,2,1,3,1,4,7,0,1,0,22,1,1,9,5,3,9,8,0,8
44,1313,1,7,3,0,3,5,0,0,1,14,4,1,23,4,2,22,7,1,10
36,427,1,8,1,0,4,5,1,9,0,14,1,1,10,2,3,8,7,0,5
34,304,2,2,4,1,3,7,2,1,0,22,3,0,6,5,3,6,5,1,4
46,705,2,2,2,0,3,3,2,3,0,12,4,0,22,2,2,2,2,2,1
44,111,1,17,1,1,1,6,2,2,0,13,4,0,6,3,3,0,0,0,0
35,208,1,8,1,0,3,0,1,1,0,12,4,1,15,5,3,14,11,2,9
29,805,1,1,1,0,2,2,1,1,1,11,4,1,1,1,3,1,0,0,0
38,827,1,1,1,0,4,0,2,0,0,13,3,0,10,4,2,9,7,1,8
53,1084,1,13,3,0,4,4,0,1,0,11,3,2,5,3,3,4,2,1,3
50,797,1,4,1,1,3,5,0,3,0,14,1,2,28,4,2,10,4,1,6
37,1231,2,21,3,0,3,8,1,5,0,15,2,1,10,3,3,5,4,0,0
37,370,1,10,3,1,3,4,2,1,0,15,2,0,10,4,1,10,3,0,8
38,688,1,23,1,1,3,0,0,9,0,14,2,1,10,2,3,2,2,1,2
28,1423,1,1,1,1,2,6,0,1,0,14,4,1,1,2,1,1,0,0,0
55,1091,1,2,1,1,3,4,1,3,0,18,2,1,23,4,3,3,2,1,2
38,330,1,17,1,0,2,0,1,0,0,18,1,1,20,4,2,19,9,1,9
45,1449,2,2,2,0,1,3,2,2,1,16,1,0,26,2,3,24,10,1,11
31,359,0,18,0,1,4,1,1,0,0,17,3,0,2,4,3,1,0,0,0
43,1273,1,2,3,0,4,6,0,1,0,12,4,2,6,3,2,5,3,1,4
40,1137,1,1,1,1,3,3,0,2,0,11,1,1,22,3,3,19,7,11,16
30,1082,2,12,5,0,3,7,2,0,0,11,2,0,6,6,3,5,4,4,4
28,736,2,26,1,1,2,7,1,1,0,11,3,1,5,0,3,5,3,0,4
18,544,2,3,3,0,3,8,2,1,1,12,3,0,0,2,4,0,0,0,0
28,529,1,2,1,1,3,2,2,2,0,11,3,0,5,5,1,0,0,0,0
39,1162,2,3,3,0,3,7,1,4,1,18,1,0,12,3,2,1,0,0,0
25,772,1,2,1,1,4,4,0,1,0,17,3,2,7,6,3,7,7,0,7
33,1242,2,8,1,1,3,7,1,2,0,13,4,1,8,6,1,2,2,2,2
28,1475,2,13,2,0,3,7,2,3,1,11,4,0,6,0,3,2,0,2,2
60,1499,2,28,2,0,2,7,1,4,0,19,4,0,22,5,4,18,13,13,11
42,481,2,12,1,1,3,7,2,0,1,12,2,0,22,2,2,21,9,13,14
34,970,1,8,3,0,3,0,2,3,0,11,4,0,10,2,3,5,1,4,3
47,249,2,2,2,0,3,7,1,0,1,22,1,1,8,2,3,7,6,7,7
56,832,1,9,3,1,3,0,1,7,0,11,3,0,30,1,2,10,7,1,1
32,953,1,5,5,1,3,6,2,2,0,14,2,0,12,3,3,7,7,0,7
49,1098,1,4,3,1,2,3,1,2,0,13,3,1,23,2,4,1,0,0,0
37,889,1,9,3,1,3,6,1,1,1,12,3,3,4,3,2,4,2,1,2
41,143,2,4,2,1,3,7,2,1,0,18,3,0,8,5,3,8,7,7,7
37,921,1,10,3,0,3,2,1,6,0,20,2,1,17,3,3,5,4,0,3
28,467,2,7,1,1,3,7,2,0,0,14,4,0,5,5,3,4,2,1,3
27,1131,1,15,1,0,2,6,1,0,0,19,4,1,8,2,2,7,6,7,3
34,1303,1,2,1,1,2,6,0,3,0,12,3,1,14,3,3,7,3,5,7
37,977,1,1,1,0,2,4,1,1,0,13,2,1,14,2,2,14,8,3,11
59,1225,2,1,1,0,2,7,2,7,0,11,4,0,20,2,2,4,3,1,3
31,655,1,7,1,1,3,2,0,3,0,22,4,1,10,3,2,7,7,1,7
31,1082,1,1,3,1,3,6,2,1,0,17,2,0,1,4,3,1,1,1,0
36,506,1,3,5,1,3,6,2,4,0,12,4,0,10,2,3,8,0,7,7
27,486,1,8,3,0,4,6,1,7,0,17,1,0,5,0,3,3,2,0,2
40,1308,1,14,3,1,2,5,2,1,0,14,1,0,21,2,4,20,7,4,9
25,685,1,1,1,0,3,4,1,0,0,12,4,2,5,3,3,4,2,1,2
41,267,2,10,1,1,3,7,2,7,0,14,4,0,16,3,3,14,3,1,10
50,878,2,1,1,1,3,7,0,7,0,12,4,2,12,3,3,6,3,0,1
24,535,2,24,3,1,3,8,1,0,0,13,3,2,3,3,3,2,2,2,1
33,536,2,10,2,1,4,7,0,0,1,14,4,2,10,3,3,9,8,0,8
29,1396,2,10,1,1,3,8,2,1,0,11,3,0,1,6,3,1,0,0,0
42,1265,1,3,1,0,4,2,1,2,1,13,2,1,17,1,2,5,3,1,3
42,1332,1,2,4,1,2,0,2,3,0,23,2,0,14,6,3,1,0,0,0
33,1038,2,8,1,0,2,8,2,0,0,19,4,0,3,2,2,2,2,2,2
19,265,1,25,1,0,4,6,2,1,1,12,4,0,1,2,3,1,0,0,1
26,1443,2,23,2,0,2,7,1,7,1,19,3,1,5,2,2,2,2,0,0
35,384,2,8,1,0,3,8,1,1,0,16,2,1,3,1,2,3,2,0,2
47,666,1,29,1,1,3,3,1,1,1,12,4,1,10,2,2,10,7,9,9
30,1312,1,23,1,1,1,6,0,1,0,25,3,3,10,2,2,10,7,0,9
35,1349,1,7,1,1,2,2,1,1,0,18,4,1,1,5,2,1,0,0,1
32,117,2,13,1,1,3,7,0,2,0,11,3,1,8,3,2,5,2,0,3
34,401,1,1,1,0,2,2,1,5,0,17,1,1,7,2,2,5,4,0,2
55,725,1,2,3,1,3,3,1,5,1,13,4,1,24,2,3,5,2,1,4
50,881,1,2,1,1,3,3,0,1,0,11,4,1,31,3,3,31,6,14,7
36,329,1,2,1,0,3,6,1,4,0,13,2,1,6,3,3,2,2,2,2
50,1234,1,20,3,1,3,0,1,2,1,15,3,1,32,3,3,30,8,12,13
28,1485,1,12,1,0,3,2,1,1,1,11,4,0,1,4,2,1,1,0,0
31,1463,1,23,3,1,2,0,1,0,0,21,2,1,10,2,3,9,0,7,8
36,1174,2,3,2,0,3,7,2,3,1,16,4,0,15,3,3,5,4,0,1
27,294,1,10,1,1,3,4,0,1,0,21,3,2,9,4,2,9,7,1,7
32,1401,2,4,1,0,3,8,1,2,0,11,1,1,6,5,3,4,3,1,2
25,180,1,2,3,1,4,6,2,7,0,13,3,0,6,3,2,4,3,0,1
40,1398,2,2,1,0,3,3,1,0,0,14,4,0,21,2,3,20,15,1,12
49,301,1,22,4,0,3,5,1,3,0,16,2,2,27,2,3,4,2,1,2
33,1296,1,6,1,1,3,0,0,3,0,23,3,1,15,2,1,13,11,4,7
32,827,1,1,1,1,3,6,2,1,0,13,4,0,1,2,3,1,0,0,0
36,1157,2,2,1,1,3,8,2,3,1,21,4,0,7,3,2,3,2,1,2
51,1405,1,11,5,0,2,4,2,3,0,16,2,0,29,1,2,5,2,0,3
30,448,2,12,1,1,2,8,1,1,0,18,3,1,1,2,4,1,0,0,0
54,584,1,22,3,0,3,3,1,3,0,25,3,1,36,6,3,10,8,4,7
31,1125,2,7,2,0,3,7,1,2,0,14,4,2,9,3,3,3,2,2,2
35,802,1,10,4,1,3,2,0,1,0,20,1,1,3,4,2,3,2,1,2
47,207,1,9,1,0,3,2,2,4,0,12,3,0,7,2,3,2,2,2,0
45,974,1,1,3,0,3,2,0,3,0,14,4,2,8,2,3,5,3,0,2
27,269,1,5,5,1,2,5,0,1,1,16,2,1,9,3,3,9,8,0,8
47,1001,1,4,1,0,2,4,0,8,1,12,3,1,28,4,3,22,11,14,10
55,1229,1,4,1,1,3,0,1,0,1,16,2,0,4,2,3,3,2,1,2
54,397,0,19,3,1,3,1,1,2,0,15,3,1,16,1,4,9,7,7,1
31,1232,1,7,3,0,3,4,2,1,1,14,3,0,11,2,2,11,9,4,10
41,1276,2,2,1,0,3,3,1,7,0,16,2,1,22,2,3,18,16,11,8
29,995,1,2,1,1,3,0,0,1,0,19,4,1,6,0,4,6,4,1,3
39,1462,2,6,3,1,4,7,1,2,0,11,1,1,11,3,3,7,6,7,6
39,1132,1,1,3,1,4,0,0,0,0,17,1,3,19,5,2,18,10,3,7
31,1222,1,11,1,1,3,6,1,3,1,19,2,1,8,2,3,6,4,0,2
35,1276,1,16,1,1,3,0,1,4,1,12,3,0,10,2,3,8,7,0,0
24,506,1,29,3,1,3,2,0,1,0,13,2,3,6,2,4,6,2,1,2
27,472,1,1,5,1,2,4,1,5,0,19,3,1,6,1,3,2,2,2,0
26,390,1,17,3,1,1,2,1,1,0,15,3,3,3,3,4,3,2,0,2
43,782,1,6,4,1,2,5,0,4,1,14,3,1,21,3,2,1,0,0,0
27,1103,1,14,1,1,3,6,1,1,1,14,4,2,9,3,2,9,7,6,8
36,884,1,23,3,1,4,2,1,4,0,17,3,1,17,3,3,5,2,0,3
31,754,2,26,2,1,3,7,1,1,1,11,3,0,10,4,3,10,7,0,8
50,691,1,2,3,1,3,5,1,5,0,16,4,0,30,3,3,4,3,0,3
33,750,2,22,2,1,3,7,1,0,0,13,1,1,8,2,4,7,7,0,7
36,217,1,18,1,1,3,4,2,2,0,20,1,0,18,0,3,11,9,0,9
36,1041,0,13,0,1,3,1,1,4,0,13,2,1,8,2,3,5,2,0,4
29,1496,1,1,5,1,3,4,1,1,0,13,1,1,10,1,3,10,7,0,9
26,1355,0,25,1,0,3,1,1,1,0,23,4,1,8,3,3,8,7,5,7
43,1344,1,7,3,1,4,6,0,4,0,14,4,3,7,3,4,5,4,2,2
34,204,2,14,5,0,3,8,0,1,1,18,4,2,8,3,3,8,2,0,6
47,543,2,2,2,1,3,7,1,7,0,11,4,1,4,3,1,1,0,0,0
45,1385,1,20,3,1,3,0,1,0,1,14,2,0,21,2,3,20,7,4,10
47,359,1,2,3,0,3,5,1,3,0,19,2,2,26,2,4,20,17,5,6
32,414,2,2,2,1,2,7,2,7,1,12,3,0,7,3,2,2,2,2,2
53,447,1,2,3,1,4,5,2,4,0,12,2,0,35,2,2,9,8,8,8
34,131,2,2,2,0,3,7,2,0,1,12,4,0,4,3,3,3,2,0,2
39,524,1,18,1,1,3,4,2,0,0,11,1,0,9,6,3,8,7,1,7
28,120,2,4,3,1,3,7,1,1,0,15,2,0,5,3,4,5,4,0,4
48,117,1,22,3,0,3,3,0,3,0,11,2,1,24,3,3,22,17,4,7
37,1319,1,6,3,1,4,6,0,4,1,13,1,2,13,2,3,7,7,6,7
22,617,1,3,1,0,3,4,1,0,1,19,1,1,4,3,4,3,2,0,2
46,1009,1,2,1,1,3,5,1,6,0,13,3,0,26,2,1,3,2,0,1
46,717,1,13,1,1,3,0,2,6,0,14,4,0,19,3,3,10,7,0,9
47,703,2,14,2,1,3,7,2,2,0,12,4,0,20,2,3,7,7,1,7
24,897,0,10,3,1,3,1,1,0,0,14,4,1,3,2,3,2,2,2,1
42,1396,1,6,3,1,3,5,1,9,0,13,2,1,18,3,4,13,7,5,7
44,1193,1,2,3,1,3,4,2,5,1,18,2,0,16,2,2,2,2,2,2
44,1037,1,1,3,1,3,6,2,6,1,12,3,0,6,2,3,4,3,1,2
54,971,1,1,3,0,3,5,2,6,0,19,4,0,29,3,2,20,7,12,7
45,176,0,4,1,0,1,1,1,4,0,21,3,2,9,2,4,5,0,0,3
27,443,1,3,3,1,3,6,1,1,0,11,3,3,0,6,2,0,0,0,0
30,464,1,4,5,1,3,6,2,9,1,23,3,0,3,4,3,1,0,0,0
27,1134,1,16,5,0,3,2,1,9,0,14,2,1,4,2,3,2,2,2,2
29,1010,1,1,1,0,3,6,0,1,0,15,1,3,3,5,3,3,2,1,2
26,887,1,5,3,0,2,6,1,1,1,14,1,1,8,2,3,8,7,1,7
36,1040,1,3,1,1,4,0,0,6,0,20,1,1,13,3,3,5,4,0,4
29,738,1,9,4,1,2,2,2,0,0,17,3,0,4,2,3,3,2,2,2
33,118,2,16,2,0,3,7,2,5,0,15,3,0,6,3,3,3,2,0,2
54,1441,1,17,5,0,3,4,1,8,0,11,3,1,22,2,3,10,7,0,8
31,1365,2,13,3,1,3,7,0,2,0,17,3,0,9,2,1,3,1,1,2
40,1300,1,24,5,1,3,6,0,1,0,17,1,2,9,3,3,9,8,4,7
47,1176,0,26,1,0,3,3,1,3,0,11,3,1,27,2,3,5,2,1,0
30,1312,1,2,5,0,2,6,2,0,0,16,4,0,10,2,3,9,7,0,7
31,670,1,26,1,1,3,6,0,1,0,17,4,1,5,1,2,5,2,4,3
38,653,1,29,1,0,3,2,2,1,0,11,4,0,10,2,3,10,3,9,9
35,1296,1,5,5,1,3,4,2,0,0,13,4,0,17,5,3,16,6,0,13
56,1369,1,23,1,1,3,4,1,4,1,12,1,1,33,0,3,19,16,15,9
37,319,2,4,2,1,3,8,0,4,0,17,3,1,13,2,3,9,8,5,8
34,1065,2,23,2,1,3,7,2,0,0,20,3,0,10,2,3,9,5,8,7
41,1085,1,2,1,0,1,2,0,4,1,13,3,1,10,1,2,7,7,1,0
40,543,1,1,1,1,3,2,1,8,0,19,3,2,8,3,2,1,0,0,0
50,1126,1,1,3,1,3,5,0,9,0,22,3,1,32,1,2,5,4,1,3
39,1485,1,25,1,1,3,0,1,3,0,21,2,1,13,2,3,6,4,0,5
21,984,1,1,5,0,2,6,2,1,1,11,3,0,2,6,4,2,2,2,2
38,1336,0,2,0,1,3,1,0,5,0,13,4,3,13,3,3,11,10,3,8
39,1253,1,10,3,1,3,5,2,7,0,21,3,0,9,3,3,4,3,2,2
34,735,2,3,3,0,2,7,1,3,1,12,3,0,9,3,2,4,2,0,1
39,360,1,23,3,1,3,6,2,0,0,13,1,0,6,2,3,5,2,0,3
32,238,1,5,1,0,4,6,2,3,1,14,1,0,8,2,3,4,1,0,3
33,134,1,2,1,1,3,6,2,0,0,14,1,0,4,2,4,3,1,0,2
38,243,2,7,2,0,2,7,2,0,0,20,1,0,8,2,3,7,7,0,5
45,1448,1,29,5,1,3,4,1,4,1,18,4,2,10,4,4,3,1,1,2
39,711,1,4,3,0,3,4,2,0,0,13,4,0,10,2,1,9,2,3,8
56,713,1,8,1,0,3,6,0,4,1,18,3,1,19,3,3,2,2,2,2
46,1485,1,18,3,0,3,4,0,2,0,14,3,1,19,5,2,10,7,0,8
33,515,1,1,1,0,3,5,2,1,1,12,3,0,15,1,3,15,14,8,12
53,1376,2,2,3,1,3,3,0,6,0,13,3,1,22,3,4,17,13,15,2
30,317,1,2,1,0,1,4,2,2,0,20,3,0,11,2,3,5,4,0,2
47,1482,1,5,1,1,3,5,1,4,0,11,2,1,21,2,3,3,2,1,1
25,810,2,8,1,1,4,7,1,0,0,22,3,1,4,4,3,3,2,1,2
28,329,1,24,3,1,3,2,1,1,1,17,3,3,1,3,3,1,1,0,0
35,556,1,23,1,1,2,4,1,3,1,13,1,0,8,1,3,1,0,0,1
43,957,1,28,3,0,4,6,2,4,0,12,4,0,18,2,3,3,2,1,2
43,1001,1,7,1,0,3,0,1,8,0,16,1,1,10,1,2,1,0,0,0
46,261,1,21,3,0,3,0,1,4,0,22,4,1,13,2,4,9,7,3,7
22,1136,1,5,1,1,4,6,0,1,1,16,1,1,4,2,2,4,2,2,2
42,647,2,4,2,1,3,7,2,7,0,13,4,0,9,3,4,6,4,1,5
34,1130,1,3,1,0,3,6,0,1,0,12,3,1,11,2,3,11,8,7,9
48,1469,1,20,3,1,3,6,1,4,0,17,1,2,13,2,2,0,0,0,0
34,653,1,10,5,1,2,0,1,1,0,14,2,1,8,3,2,8,2,7,7
55,111,2,1,1,1,3,7,1,3,0,14,4,1,24,4,3,1,0,1,0
47,1180,1,25,3,1,3,0,2,2,0,23,2,0,25,3,3,17,14,12,11
52,715,1,19,3,1,3,6,1,0,0,18,1,1,5,3,3,4,3,1,2
20,727,2,9,1,1,3,8,2,1,0,11,1,0,2,3,3,2,2,0,2
35,1137,1,21,1,0,3,0,1,1,1,25,4,1,10,2,1,10,6,0,7
44,1459,1,10,4,1,3,0,1,2,1,13,4,0,9,5,4,4,2,1,3
23,885,1,4,3,1,4,6,1,2,0,16,1,1,5,3,4,3,2,0,2
38,201,1,10,3,0,1,5,1,3,0,12,1,1,20,3,3,18,16,1,11
45,1038,1,20,3,1,1,0,0,2,1,18,2,1,24,2,3,7,7,0,7
32,964,2,1,1,1,1,7,2,6,0,15,2,0,10,2,3,0,0,0,0
40,575,2,22,2,1,2,7,1,2,1,12,1,2,8,6,3,6,4,1,0
35,1361,2,17,1,1,3,7,1,3,1,15,4,3,15,2,3,7,7,1,7
53,346,1,6,1,1,3,2,2,2,0,17,4,0,19,4,3,2,2,2,2
32,604,2,8,3,1,4,7,1,1,0,15,3,2,10,4,4,10,7,0,8
34,704,2,28,2,0,2,7,1,1,0,21,4,2,8,2,3,8,7,1,7
27,1157,1,17,5,1,3,6,1,0,1,16,4,1,6,3,2,5,2,1,1
42,748,1,9,3,0,3,2,2,1,0,13,3,0,12,3,3,12,9,5,8
28,783,2,1,1,1,2,7,1,1,1,12,3,1,7,2,3,7,7,0,7
45,194,1,9,1,1,3,2,0,8,0,18,3,1,20,2,1,17,9,0,15
40,616,1,2,1,0,3,2,1,4,0,17,4,1,7,5,2,4,3,0,2
52,258,1,8,4,0,3,2,1,9,0,13,3,0,12,2,1,5,4,0,4
18,1124,1,1,1,0,3,2,2,1,0,15,3,0,0,5,4,0,0,0,0
35,817,1,1,3,0,2,2,1,0,0,12,2,1,10,0,3,9,7,0,0
46,150,1,2,5,1,3,4,0,2,0,11,3,1,12,3,2,6,3,1,4
42,269,1,2,3,0,2,2,0,0,1,11,3,1,10,4,3,9,6,7,8
34,829,0,3,0,1,3,1,1,0,0,19,3,1,4,1,1,3,2,0,2
42,1059,1,9,4,1,2,3,2,8,0,22,4,0,24,2,3,1,0,0,1
53,868,2,8,2,1,3,7,1,5,0,14,3,1,28,3,3,2,0,2,2
30,1339,2,5,1,0,3,7,1,2,0,12,3,1,12,2,3,10,9,7,4
54,548,1,8,1,0,3,2,2,7,0,11,3,0,19,3,3,1,0,0,0
31,746,1,8,1,0,3,4,2,1,0,23,4,0,11,2,3,11,7,1,8
29,592,1,7,1,1,3,2,2,3,0,14,2,0,11,2,3,3,2,1,2
31,325,1,5,3,1,3,4,2,0,0,19,2,0,10,2,3,9,4,1,7
31,1332,1,11,3,1,3,0,1,1,1,12,4,0,6,2,2,6,5,0,1
33,1303,1,7,1,1,3,0,0,1,0,20,3,3,9,2,3,9,7,2,8
20,129,1,4,5,1,3,2,2,1,0,19,2,0,1,2,3,1,0,0,0
49,1245,1,18,1,1,2,5,0,1,1,17,3,1,31,5,3,31,9,0,9
49,1261,1,7,4,1,2,0,2,8,0,24,3,0,26,2,3,5,2,0,0
55,135,1,18,3,1,3,0,1,3,1,14,4,2,17,3,3,8,7,6,7
24,1127,1,18,1,1,3,2,1,0,0,12,3,1,6,2,3,5,3,1,2
58,601,1,7,3,0,2,4,1,7,1,14,4,0,31,0,2,10,9,5,9
33,654,1,5,1,1,2,0,0,4,0,15,3,1,9,2,3,3,2,1,2
37,1413,1,5,5,1,4,2,2,0,0,14,1,0,7,2,1,6,5,1,3
37,290,1,21,1,1,4,6,1,1,1,12,1,1,8,3,2,8,7,1,7
24,1476,2,4,3,0,3,7,1,1,1,12,3,2,5,3,3,5,4,0,3
58,390,1,1,1,1,1,0,0,2,1,13,4,1,12,2,3,5,3,1,2
32,1125,1,16,1,0,1,6,2,1,1,22,2,0,10,5,3,10,2,6,7
20,769,2,9,2,0,3,8,2,1,1,14,2,0,2,3,3,2,2,0,2
43,394,2,26,1,1,3,3,1,1,1,12,4,2,25,3,4,25,12,4,12
33,217,2,10,2,1,3,7,2,1,0,14,2,0,10,2,2,10,4,0,9
33,211,2,16,1,0,3,7,2,2,1,20,3,0,11,2,2,0,0,0,0
32,906,2,7,1,1,2,7,1,1,0,14,3,1,13,3,2,13,8,4,8
54,1050,1,11,3,0,3,3,0,3,0,20,1,1,26,2,3,14,9,1,12
31,329,1,1,1,1,2,2,1,1,0,12,3,1,4,3,3,4,2,3,2
31,703,2,2,1,0,2,8,2,7,0,14,3,0,3,3,4,1,0,0,0
42,1210,1,2,3,1,2,2,1,4,0,14,2,1,4,3,3,1,0,0,0
42,419,2,12,2,1,3,7,0,3,1,12,3,2,14,4,3,0,0,0,0
55,836,1,8,3,0,3,3,0,2,1,14,3,3,21,2,3,5,0,0,2
33,1099,1,4,3,0,2,2,1,8,0,11,4,0,8,5,3,5,4,0,2
30,138,1,22,1,0,3,6,1,4,1,11,2,0,7,2,3,5,2,0,1
56,906,2,6,1,0,4,7,1,9,0,11,4,3,36,0,2,7,7,7,7
41,247,1,7,1,0,1,5,0,1,0,22,2,2,21,3,3,21,16,5,10
25,959,2,28,1,1,2,7,1,2,0,18,4,0,6,3,3,2,2,2,2
31,326,2,8,1,1,3,7,0,1,0,18,1,1,13,5,3,13,7,9,9
55,1441,1,22,5,1,2,6,0,5,0,12,4,1,8,1,3,4,2,1,2
47,719,2,27,1,0,4,7,2,4,1,12,4,0,8,2,3,5,4,1,3
52,771,2,2,1,1,2,3,2,1,1,18,4,0,33,2,4,33,7,15,12
52,1030,2,5,1,1,3,7,2,9,1,19,3,0,10,2,2,8,7,7,7
33,147,1,4,3,0,2,6,1,6,0,21,4,0,7,3,3,3,2,1,1
27,1469,1,1,3,1,3,2,0,1,0,11,2,1,5,2,3,5,2,0,4
35,1029,1,16,1,0,2,0,2,1,0,19,4,0,11,3,1,11,8,3,3
19,528,2,22,2,1,3,8,2,1,1,19,4,0,0,2,2,0,0,0,0
36,688,1,4,1,0,3,4,0,7,0,13,2,3,18,3,3,4,2,0,2
45,950,1,28,5,1,3,6,1,4,0,20,4,1,8,3,3,5,4,0,3
34,658,1,7,1,1,1,2,2,1,1,24,4,0,9,3,3,9,7,0,6
29,136,1,1,1,1,3,0,1,0,0,12,1,1,6,5,2,5,3,0,2
34,182,1,1,1,0,4,6,2,2,0,16,3,0,10,2,3,4,2,1,3
41,796,2,4,2,0,3,7,0,0,1,13,4,1,23,3,4,22,14,13,5
31,741,1,2,1,1,3,2,1,1,0,14,4,1,6,2,4,5,2,0,3
41,549,1,7,3,0,3,4,2,6,0,14,2,0,8,6,3,2,2,2,1
49,465,1,6,1,0,2,0,1,2,1,19,2,1,30,3,3,15,11,2,12
32,689,2,9,3,1,1,7,0,0,0,17,4,3,9,2,4,8,7,0,7
43,1422,2,2,1,1,3,7,1,1,0,20,3,1,7,5,3,7,7,7,7
40,1329,1,7,1,1,3,2,2,3,1,14,2,0,10,3,1,4,2,0,3
28,821,2,5,3,1,3,7,2,1,0,14,2,0,4,3,3,4,2,0,2
36,676,1,1,4,0,3,4,1,0,0,15,1,1,10,2,3,9,7,0,5
44,986,1,8,1,1,4,2,1,2,1,24,3,1,10,2,2,3,2,0,2
36,311,1,7,1,1,3,2,2,2,0,11,3,0,15,4,3,4,3,1,3
28,950,1,3,3,0,3,4,0,0,0,17,2,3,10,3,2,9,7,1,7
21,156,2,12,1,0,4,8,2,1,0,15,4,0,1,0,3,1,0,0,0
30,600,0,8,0,0,2,1,0,6,0,11,3,1,6,0,2,4,2,1,2
26,1146,2,8,5,1,2,7,2,6,0,17,3,0,6,2,2,4,3,1,2
40,1151,1,9,1,1,2,0,1,9,0,14,4,1,5,5,1,3,2,0,2
24,1269,1,4,1,1,2,2,1,0,0,17,4,0,6,2,2,5,2,3,4
35,1214,1,1,3,1,2,6,2,1,0,18,1,0,6,3,3,6,4,0,4
37,783,1,7,3,1,3,6,1,5,1,22,3,1,16,2,3,5,3,0,4
26,496,1,11,3,1,3,0,1,1,1,13,3,1,5,3,3,5,3,3,3
46,669,2,9,3,1,2,7,2,1,0,16,4,0,9,3,3,9,8,4,7
28,866,2,5,3,1,3,7,2,0,0,18,4,0,6,4,3,5,4,1,3
29,806,1,7,5,0,3,2,0,3,1,13,1,2,10,2,3,7,7,7,7
36,172,1,4,1,1,2,2,2,1,0,16,3,0,10,2,2,10,4,1,8
30,125,1,9,3,1,2,2,2,1,0,13,1,0,10,5,3,10,0,1,8
29,806,1,1,1,1,1,6,0,1,0,18,4,1,10,5,3,10,7,2,8
29,726,1,29,1,1,1,0,0,8,0,17,4,2,11,3,3,7,0,1,6
34,1333,2,10,1,0,3,8,1,1,1,19,4,1,1,2,3,1,1,0,0
32,859,1,4,1,0,2,4,1,1,0,12,3,1,14,3,3,14,13,6,8
42,544,0,2,5,1,3,1,0,0,1,11,3,1,4,5,3,3,2,1,0
30,911,1,1,3,1,3,2,1,1,0,13,3,0,12,6,2,12,8,1,7
48,163,2,2,2,0,3,7,1,2,0,14,1,1,14,2,3,9,7,6,7
38,371,1,2,1,1,3,6,2,5,1,11,3,0,6,3,3,3,2,1,2
32,128,1,2,5,1,2,2,2,4,0,13,4,0,9,5,3,6,2,0,4
35,1232,2,16,2,1,3,7,1,0,0,15,3,2,12,3,2,11,9,6,9
44,528,0,1,1,0,3,1,0,4,1,18,1,3,8,2,3,2,2,2,2
57,405,1,1,1,1,4,6,1,0,0,24,1,1,13,2,2,12,9,2,8
34,181,1,2,3,1,4,6,1,0,1,14,1,3,6,3,3,5,0,1,2
49,1184,2,11,2,0,3,7,1,1,0,18,1,2,9,3,4,9,8,7,7
38,573,1,6,3,0,1,6,0,7,1,12,4,3,17,3,3,13,11,1,9
40,989,1,4,3,0,3,3,1,1,0,14,2,1,21,2,3,20,8,9,9
53,1223,1,7,3,0,3,3,0,3,0,18,2,1,26,6,3,7,7,4,7
29,1283,1,23,1,1,3,6,2,9,0,16,4,0,6,4,3,3,2,1,2
44,429,1,1,3,1,3,6,0,1,1,12,3,3,6,2,2,5,3,2,3
33,1111,2,5,1,1,3,7,1,6,0,13,1,0,8,2,4,5,4,1,2
44,477,1,7,3,0,2,0,1,3,0,14,4,1,24,4,3,22,6,5,17
33,575,1,25,1,1,2,4,2,1,0,13,4,0,5,2,3,5,3,0,2
27,1337,0,22,0,0,2,1,1,1,0,12,1,0,1,2,3,1,0,0,0
29,991,2,5,3,1,2,7,0,1,1,13,2,1,10,3,2,10,0,0,9
18,287,1,5,1,1,3,6,2,1,0,15,4,0,0,2,3,0,0,0,0
43,531,2,4,2,0,2,7,2,3,0,14,4,0,23,3,4,21,7,15,17
29,232,1,19,5,1,3,4,0,4,0,12,2,2,8,2,4,3,2,1,2
32,498,1,3,3,0,3,4,1,1,0,12,3,1,8,2,4,8,7,6,3
50,410,2,28,2,1,2,7,0,4,1,13,2,1,20,3,3,3,2,2,0
31,1060,2,1,1,0,3,8,2,1,1,11,1,0,3,2,4,3,2,2,2
40,1194,1,1,1,0,3,0,0,4,0,17,4,1,12,3,3,5,3,0,3
30,288,1,2,1,1,2,0,1,1,0,19,1,3,11,3,3,11,10,10,8
31,249,2,6,1,1,1,7,1,4,1,18,2,0,12,3,2,7,7,7,7
35,670,1,10,3,0,3,0,2,3,1,16,3,0,10,4,3,5,2,0,4
34,1397,1,1,1,1,3,6,1,1,0,12,4,1,10,4,2,10,9,8,8
28,1476,1,1,1,0,1,2,1,0,0,11,1,3,10,6,3,9,8,7,5
40,663,1,9,4,1,3,2,0,3,0,11,3,2,11,2,4,8,7,0,7
46,563,2,1,1,1,4,3,2,1,0,15,2,0,27,5,1,26,0,0,12
26,933,2,1,1,1,3,7,1,1,0,17,2,1,8,3,3,8,7,7,7
30,979,2,15,2,1,2,7,0,2,0,11,1,1,12,2,3,7,7,1,7
35,622,1,14,4,1,2,2,0,1,1,24,4,1,5,2,1,4,2,0,2
32,1033,1,9,3,0,3,2,2,7,0,22,1,0,10,2,4,5,4,0,4
30,1176,1,20,4,1,3,4,1,0,0,15,3,1,7,1,2,6,2,0,2
34,810,2,8,5,1,4,7,1,1,0,21,3,2,10,5,3,10,8,4,8
35,195,2,1,3,0,3,7,2,1,0,16,4,0,5,3,3,5,4,0,3
40,444,2,2,2,0,3,7,1,3,0,14,3,1,15,4,3,11,8,5,10
34,790,2,24,3,0,2,7,2,0,1,23,3,0,16,2,4,15,9,10,10
38,1206,1,9,1,1,3,6,0,2,0,19,4,2,10,0,4,5,2,0,3
30,634,1,17,3,0,3,3,1,1,1,23,4,2,9,2,3,9,1,0,8
46,1125,2,10,2,0,2,7,1,2,1,19,3,1,15,3,3,3,2,1,2
51,1469,1,8,1,1,2,5,1,5,0,16,4,2,16,5,1,10,9,4,7
23,310,1,10,3,1,4,6,2,1,0,18,4,0,2,3,3,2,2,0,2
55,692,1,14,3,1,4,5,2,8,0,11,4,0,36,3,3,24,15,2,15
46,1277,2,2,1,1,3,7,0,4,1,12,2,1,13,5,2,10,6,0,3
30,438,1,18,1,0,3,6,2,1,0,14,3,0,5,4,2,5,4,0,4
58,1216,1,15,1,1,3,5,1,2,1,14,2,0,23,3,3,2,2,2,2
51,942,1,3,5,0,3,3,1,2,0,11,4,0,15,2,3,2,2,2,2
42,1474,1,5,4,1,3,2,1,4,0,17,4,1,8,4,3,2,2,2,0
31,691,2,7,2,1,3,7,0,4,0,12,4,3,13,3,3,7,7,1,7
34,1440,2,7,5,1,3,8,1,0,1,25,2,1,12,4,3,11,10,5,7
60,422,1,7,1,0,3,3,1,5,0,11,4,0,33,5,1,29,8,11,10
37,1462,1,11,3,0,3,2,2,4,0,18,1,0,8,6,3,3,2,0,2
35,682,2,18,3,1,3,7,1,0,0,16,4,1,6,2,1,5,3,0,4
46,1144,1,7,3,0,3,4,1,2,0,14,3,0,7,2,4,1,0,0,0
23,427,2,7,1,1,3,8,0,1,1,21,2,1,3,2,3,3,2,0,2
38,1009,2,2,1,0,3,7,0,3,0,15,4,1,11,3,3,7,7,1,7
22,217,1,8,1,1,1,2,1,1,0,15,1,1,4,3,2,4,3,1,1
36,430,1,2,4,0,3,6,1,4,1,22,4,1,15,2,3,1,0,0,0
39,766,2,20,1,1,3,7,0,2,0,18,4,1,7,6,3,2,1,2,2
