Age,DailyRate,Department,DistanceFromHome,Education,EducationField,EmployeeNumber,HourlyRate,JobLevel,JobRole,NumCompaniesWorked,OverTime,PercentSalaryHike,TotalWorkingYears,TrainingTimesLastYear,WorkLifeBalance,YearsAtCompany,YearsInCurrentRole,YearsSinceLastPromotion,YearsWithCurrManager
48,117,1,22,3,3,1900,58,4,3,3,0,11,24,3,3,22,17,4,7
34,1069,1,2,1,1,256,45,2,4,1,0,17,10,2,2,10,9,1,9
23,507,1,20,1,1,1533,97,2,2,0,0,14,5,2,3,4,3,1,2
31,1062,1,24,3,3,1252,96,2,0,1,0,19,10,2,3,10,9,1,8
36,1041,0,13,3,0,829,36,1,1,4,0,13,8,2,3,5,2,0,4
36,311,1,7,3,1,1659,77,1,2,2,0,11,15,4,3,4,3,1,3
30,1329,2,29,4,1,1211,61,2,7,8,0,19,8,3,3,4,3,0,3
30,438,1,18,3,1,194,75,1,6,1,0,14,5,4,2,5,4,0,4
58,1055,1,1,3,3,1423,76,5,5,3,1,21,32,3,3,9,8,1,5
35,607,1,9,3,1,880,66,3,4,1,1,20,17,2,3,17,14,5,15
29,906,1,10,3,1,994,92,1,6,6,1,20,3,5,3,0,0,0,0
53,1070,1,3,4,3,386,45,4,5,3,1,16,21,5,2,5,3,1,3
32,585,1,10,3,1,1720,56,1,6,6,0,13,10,3,2,5,2,1,3
23,977,1,10,3,5,1592,45,1,6,2,0,16,4,2,3,2,2,2,2
34,628,1,8,3,3,2068,82,2,2,2,0,12,6,3,4,4,3,1,2
54,142,0,26,3,0,148,30,4,3,2,1,12,23,3,3,5,3,4,4
38,152,2,10,3,5,983,85,2,7,1,1,13,6,1,3,5,3,1,3
34,1065,2,23,4,2,60,72,2,7,0,0,20,10,2,3,9,5,8,7
47,571,2,14,3,3,1503,78,2,7,3,1,17,11,4,2,5,4,1,2
35,1361,2,17,4,1,1218,94,2,7,3,1,15,15,2,3,7,7,1,7
54,1441,1,17,3,5,1013,56,3,4,8,0,11,22,2,3,10,7,0,8
22,534,1,15,3,3,144,59,1,2,1,0,15,1,5,3,0,0,0,0
46,1485,1,18,3,3,550,87,2,4,2,0,14,19,5,2,10,7,0,8
52,1490,1,4,2,1,546,30,4,3,2,0,13,31,2,1,5,2,1,4
35,1212,2,8,2,2,1243,78,3,7,4,1,11,16,6,2,13,2,4,12
33,530,2,16,3,1,1681,36,2,7,1,1,25,7,2,3,6,5,1,2
55,1117,2,18,5,1,597,83,4,3,3,0,23,37,2,3,10,9,7,7
25,266,1,1,3,3,1303,40,1,6,1,0,18,2,3,2,2,2,2,1
53,1219,2,2,4,1,23,78,4,3,2,0,16,31,3,3,25,8,3,7
36,1396,1,5,2,1,304,62,2,2,8,0,16,16,3,4,13,11,3,7
50,328,1,1,3,3,249,86,1,2,2,0,15,5,2,2,3,2,0,2
29,441,1,8,1,4,1544,39,2,0,3,0,13,9,3,3,7,7,0,7
24,1448,2,1,1,5,554,62,1,8,1,1,16,6,4,3,5,3,1,4
36,506,1,3,3,5,397,30,2,6,4,0,12,10,2,3,8,0,7,7
34,790,2,24,4,3,1489,40,2,7,0,1,23,16,2,4,15,9,10,10
43,982,1,12,3,1,520,59,4,5,1,0,11,25,3,3,25,10,3,9
48,1262,1,1,4,3,1116,35,4,3,2,0,22,27,3,2,5,4,2,1
32,120,1,6,5,1,231,43,1,6,3,0,20,8,2,3,5,4,1,4
43,185,1,10,4,1,430,33,1,2,0,0,19,9,5,3,8,7,1,7
33,1038,2,8,1,1,1044,88,1,8,0,0,19,3,2,2,2,2,2,2
39,443,1,8,1,1,602,48,1,2,1,0,11,8,3,3,8,3,0,7
27,1131,1,15,3,1,1870,77,1,6,0,0,19,8,2,2,7,6,7,3
34,216,2,1,4,2,1047,75,2,7,0,0,11,16,2,2,15,1,0,9
35,195,2,1,3,3,620,80,2,7,1,0,16,5,3,3,5,4,0,3
41,582,1,28,4,1,2034,60,4,4,0,0,23,21,3,3,20,7,0,10
34,678,1,19,3,1,1701,35,1,6,1,0,12,10,3,3,10,9,8,7
28,1217,1,1,3,3,1834,67,1,6,1,0,25,3,3,3,3,2,1,2
36,796,1,12,5,3,1073,51,3,4,0,0,11,15,2,2,14,8,7,8
33,1283,2,2,3,2,1756,62,2,7,8,0,15,13,2,2,11,7,1,7
32,967,2,8,3,2,207,43,3,7,1,0,14,9,2,3,9,8,3,7
39,945,1,22,3,3,1043,82,3,4,1,1,13,21,2,3,21,6,2,8
42,1368,1,28,4,5,551,88,2,0,0,0,11,7,4,4,6,5,0,4
37,1225,1,10,2,1,715,80,1,6,3,0,17,4,2,3,1,0,0,0
35,1258,1,1,4,1,826,40,1,6,3,0,13,7,0,3,2,2,2,2
41,930,2,3,3,1,2037,57,2,7,2,0,11,14,5,3,5,4,0,4
39,1162,2,3,2,3,445,41,2,7,4,1,18,12,3,2,1,0,0,0
26,572,2,10,3,3,1836,46,2,7,1,0,13,5,4,3,5,3,1,2
30,1288,2,29,4,5,1568,33,3,7,3,0,12,9,3,3,4,2,1,3
34,1381,2,4,4,2,523,72,2,7,9,0,15,6,3,3,3,2,1,2
34,182,1,1,4,1,797,72,1,6,2,0,16,10,2,3,4,2,1,3
32,1259,1,2,4,1,1692,95,1,2,1,0,12,1,2,3,1,0,0,0
30,1358,1,24,1,1,11,67,1,2,1,0,22,1,2,3,1,0,0,0
28,1103,1,16,3,3,1947,49,1,6,1,0,14,5,3,2,5,3,1,4
35,682,2,18,4,3,1945,71,2,7,0,0,16,6,2,1,5,3,0,4
46,638,1,1,3,3,124,40,3,0,2,1,13,21,5,2,10,9,9,5
29,337,1,14,1,4,1421,84,3,0,0,1,12,9,1,3,8,7,7,7
34,470,1,2,4,1,339,84,2,4,6,0,13,13,3,3,11,9,5,9
29,153,1,15,2,1,15,49,2,2,0,1,12,10,3,3,9,5,0,8
38,723,2,2,4,2,1835,77,2,8,2,1,20,20,4,2,4,2,0,3
59,1225,2,1,1,1,91,57,2,7,7,0,11,20,2,2,4,3,1,3
47,1309,2,4,1,3,467,99,2,8,3,0,19,5,3,3,0,0,0,0
54,821,1,5,2,3,522,86,5,5,4,0,11,24,4,2,4,2,1,2
49,1064,1,2,1,1,1941,42,5,5,3,0,15,28,3,3,5,4,4,3
41,933,1,9,4,1,200,94,1,2,2,0,21,7,2,3,5,0,1,4
46,168,2,4,2,2,1280,33,5,3,2,0,14,26,2,3,11,4,0,8
24,897,0,10,3,3,1746,59,1,1,0,0,14,3,2,3,2,2,2,1
34,810,2,8,2,5,1823,92,2,7,1,0,21,10,5,3,10,8,4,8
30,1005,1,3,3,5,297,88,1,6,5,1,11,8,5,3,5,2,0,4
29,1246,2,19,3,1,1497,77,2,7,1,0,14,10,3,3,10,7,0,4
45,336,2,26,3,2,1612,52,2,7,1,0,15,10,2,3,10,7,4,5
29,1176,2,3,2,3,690,62,2,7,1,0,14,6,5,2,6,0,1,2
46,1125,2,10,3,2,580,94,3,7,2,1,19,15,3,3,3,2,1,2
31,335,1,9,2,3,991,46,1,6,0,1,22,4,0,3,3,2,1,2
29,1328,1,2,3,1,94,76,1,6,0,0,23,6,3,3,5,4,0,4
38,397,1,2,2,3,1638,54,3,4,3,1,19,10,6,4,5,4,0,2
34,167,1,8,5,1,775,32,2,4,3,0,14,7,3,3,0,0,0,0
33,217,2,10,4,2,1924,43,2,7,1,0,14,10,2,2,10,4,0,9
37,625,2,1,4,1,970,46,3,7,5,0,11,17,2,1,14,1,11,7
38,1490,1,2,2,1,556,42,1,2,1,1,23,1,3,3,1,0,0,0
42,1474,1,5,2,4,591,97,1,2,4,0,17,8,4,3,2,2,2,0
32,801,2,1,4,2,2016,48,3,7,1,0,19,14,3,3,14,10,5,7
30,160,1,3,3,3,680,71,1,6,1,0,20,1,2,3,1,0,0,0
42,481,2,12,3,1,1167,44,4,7,0,1,12,22,2,2,21,9,13,14
22,581,1,1,2,1,2007,63,1,6,0,0,12,4,2,4,3,2,1,2
41,314,0,1,3,0,734,59,5,3,1,0,12,22,3,3,22,7,2,10
31,192,1,2,4,1,426,32,1,6,0,1,18,3,2,1,2,2,2,2
23,310,1,10,1,3,784,79,1,6,1,0,18,2,3,3,2,2,0,2
52,956,1,6,2,5,630,78,2,6,3,1,12,18,3,3,10,9,6,9
37,1141,1,11,2,3,1033,61,2,0,5,0,15,15,2,1,1,0,0,0
18,230,1,3,3,1,405,54,1,2,1,0,13,0,2,3,0,0,0,0
56,441,1,14,4,1,161,72,1,6,9,1,18,7,2,3,5,4,4,3
24,673,1,11,2,4,26,96,2,4,0,0,18,5,5,2,4,2,1,3
40,1342,2,9,2,3,1548,47,2,7,0,0,12,9,5,4,8,4,7,1
42,1396,1,6,3,3,1911,83,3,5,9,0,13,18,3,4,13,7,5,7
51,1323,1,4,4,1,1081,34,1,6,9,1,12,18,2,4,10,0,2,7
26,583,1,4,2,1,1275,53,1,6,1,1,20,8,2,2,8,5,2,2
33,1099,1,4,4,3,1502,82,1,2,8,0,11,8,5,3,5,4,0,2
38,1153,1,6,2,4,1782,40,1,2,1,0,11,5,3,3,5,4,0,4
37,1319,1,6,3,3,474,51,2,6,4,1,13,13,2,3,7,7,6,7
39,203,1,2,3,1,1127,84,4,0,7,0,11,21,4,3,18,7,11,5
29,1396,2,10,3,1,749,99,1,8,1,0,11,1,6,3,1,0,0,0
34,131,2,2,3,2,1281,86,2,7,0,1,12,4,3,3,3,2,0,2
39,492,1,12,3,3,1654,66,2,4,4,0,21,7,3,3,5,4,1,0
42,916,1,17,2,1,347,82,2,6,3,1,13,10,1,3,3,2,0,2
33,465,1,2,2,1,328,39,1,2,7,0,20,13,3,4,9,7,1,7
34,878,1,10,4,3,277,43,1,6,1,1,17,5,4,4,5,3,2,0
47,719,2,27,2,1,785,77,2,7,4,1,12,8,2,3,5,4,1,3
32,689,2,9,2,3,195,35,2,7,0,0,17,9,2,4,8,7,0,7
36,172,1,4,4,1,1435,37,2,2,1,0,16,10,2,2,10,4,1,8
35,819,1,2,3,1,1182,44,3,4,2,0,18,15,2,4,7,7,6,4
33,1111,2,5,1,1,1395,61,2,7,6,0,13,8,2,4,5,4,1,2
37,1017,1,1,2,3,340,83,1,6,2,0,14,17,2,2,3,1,0,2
34,704,2,28,3,2,2035,95,2,7,1,0,21,8,2,3,8,7,1,7
40,575,2,22,2,2,492,68,2,7,2,1,12,8,6,3,6,4,1,0
25,959,2,28,3,1,183,41,2,7,2,0,18,6,3,3,2,2,2,2
53,238,2,1,1,3,682,34,2,7,7,0,20,18,2,4,14,7,8,10
35,1296,1,5,4,5,464,62,3,4,0,0,13,17,5,3,16,6,0,13
28,950,1,3,3,3,1121,93,3,4,0,0,17,10,3,2,9,7,1,7
40,663,1,9,4,4,1449,81,2,2,3,0,11,11,2,4,8,7,0,7
58,781,1,2,1,1,918,57,1,2,9,1,14,3,3,2,1,0,0,0
18,287,1,5,2,1,1012,73,1,6,1,0,15,0,2,3,0,0,0,0
27,155,1,4,3,1,2064,87,2,4,1,1,20,6,0,3,6,2,0,3
30,570,2,5,3,2,456,30,2,7,1,0,13,10,2,3,10,9,1,2
55,111,2,1,2,1,106,70,3,7,3,0,14,24,4,3,1,0,1,0
37,1252,2,19,2,3,904,32,3,7,1,1,13,10,2,3,10,0,0,9
55,685,2,26,5,2,1578,60,5,3,1,0,21,36,3,3,36,6,2,13
44,429,1,1,2,3,1792,99,1,6,1,1,12,6,2,2,5,3,2,3
27,1297,1,5,2,1,1850,53,1,2,0,1,14,6,3,2,5,4,0,2
32,515,1,1,3,1,331,62,1,2,0,1,14,4,2,1,3,2,1,2
34,988,0,23,3,0,590,43,3,1,9,1,15,11,2,3,3,2,0,2
28,1157,1,2,4,3,440,84,1,6,5,1,13,5,4,2,3,2,2,2
36,469,1,3,3,5,1257,46,1,6,1,0,12,12,2,2,11,10,0,7
58,289,1,2,3,5,977,51,1,6,4,0,24,7,4,3,1,0,0,0
21,501,2,5,1,3,2021,58,1,8,1,1,11,2,6,3,2,2,1,2
46,377,2,9,3,2,1457,52,3,7,4,0,11,28,1,4,7,7,4,3
26,474,1,3,3,1,1581,89,1,6,1,0,21,1,5,3,1,0,0,0
59,1324,1,3,3,3,10,81,1,2,4,1,20,12,3,2,1,0,0,0
34,1354,1,5,3,3,153,45,3,3,2,0,12,14,6,3,11,10,5,8
34,1157,1,5,2,3,1696,57,2,2,1,0,14,15,3,4,15,10,4,13
36,688,1,4,2,1,2025,97,2,4,7,0,13,18,3,3,4,2,0,2
30,1092,1,10,3,3,1816,64,3,4,9,0,14,9,3,3,7,7,0,2
26,496,1,11,2,3,390,60,2,0,1,1,13,5,3,3,5,3,3,3
38,833,1,18,3,3,1766,60,2,0,3,1,16,15,2,3,1,0,1,0
23,160,1,4,1,3,1735,51,1,2,1,0,13,3,3,1,3,2,1,2
31,311,1,20,3,1,1881,89,2,2,1,0,11,10,2,3,10,8,0,2
36,335,2,17,2,2,1908,33,2,7,2,0,16,12,1,1,4,2,1,3
35,853,2,18,5,1,74,71,3,7,1,0,22,9,3,2,9,8,1,8
39,1498,2,21,4,1,1390,44,2,7,3,1,12,8,2,4,5,4,1,4
31,691,1,5,4,5,423,86,1,6,0,1,12,6,4,3,5,2,0,3
50,813,1,17,5,1,1656,50,3,5,5,0,15,19,3,3,14,11,1,11
43,559,1,10,4,1,448,82,2,2,1,0,11,9,3,4,9,7,0,0
29,224,1,1,4,5,1522,100,1,6,6,0,13,11,2,1,9,7,0,7
48,715,1,1,3,1,1263,76,5,5,6,0,12,25,3,4,1,0,0,0
33,827,1,29,4,3,1101,54,2,6,1,0,22,14,4,3,13,7,3,8
31,471,1,4,3,3,1916,62,1,2,8,0,12,4,0,2,2,2,2,2
49,464,1,16,3,3,1674,74,1,2,4,1,16,17,2,2,2,2,2,2
37,124,1,3,3,4,1062,35,2,0,3,0,15,8,3,2,4,3,0,1
32,929,2,10,3,2,722,55,2,7,1,0,12,10,2,2,10,7,0,8
18,812,2,10,3,3,411,69,1,8,1,0,12,0,2,3,0,0,0,0
35,737,2,10,3,3,1639,55,3,7,9,0,17,15,3,3,13,12,6,0
46,488,2,2,3,5,363,75,4,3,3,1,12,28,2,2,7,7,7,7
33,1277,1,15,1,3,582,56,3,3,7,1,12,15,2,4,7,6,7,7
40,804,1,2,1,3,763,86,1,6,0,1,20,5,2,2,4,2,2,3
25,599,2,24,1,1,1273,73,1,8,1,1,14,1,4,3,1,0,1,0
33,392,2,2,4,3,1670,93,2,7,1,0,14,6,5,3,6,2,0,4
34,1326,2,3,3,4,1478,81,2,7,3,0,18,15,2,3,13,9,3,12
32,495,1,10,3,3,1516,64,3,3,2,0,25,10,5,4,5,2,0,0
55,1229,1,4,4,1,1501,30,2,0,0,1,16,4,2,3,3,2,1,2
31,196,2,29,4,2,1784,91,2,7,1,0,14,13,3,3,12,7,5,7
22,1230,1,1,2,1,872,33,2,4,6,0,22,4,2,1,2,2,2,2
38,362,1,1,1,1,662,43,1,6,3,0,17,8,3,2,0,0,0,0
40,902,1,26,2,3,1180,92,2,6,3,1,13,16,3,1,1,1,0,0
28,1496,2,1,3,5,1486,92,1,8,3,0,15,5,3,4,3,2,1,2
36,1174,2,3,4,2,1425,99,2,7,3,1,16,15,3,3,5,4,0,1
36,1383,1,10,3,1,1790,90,3,0,7,1,13,15,1,3,12,8,5,7
34,735,2,3,1,3,1915,75,2,7,3,1,12,9,3,2,4,2,0,1
44,986,1,8,4,1,874,62,1,2,2,1,24,10,2,2,3,2,0,2
31,670,1,26,1,1,16,31,1,6,1,0,17,5,1,2,5,2,4,3
20,1362,1,10,1,3,701,32,1,6,1,1,11,1,5,3,1,0,1,1
31,329,1,1,2,1,530,98,1,2,1,0,12,4,3,3,4,2,3,2
45,1238,1,1,1,1,1712,74,3,0,3,0,23,25,3,2,23,15,14,4
25,622,2,13,1,3,645,40,1,8,1,0,11,7,1,3,7,4,0,6
29,1082,1,9,4,3,1709,43,1,2,9,0,17,9,2,3,5,3,1,2
26,1146,2,8,3,5,796,38,2,7,6,0,17,6,2,2,4,3,1,2
42,603,1,7,4,3,1292,78,2,6,6,1,16,18,2,3,1,0,0,0
29,468,1,28,4,3,2054,73,1,6,1,0,14,5,3,1,5,4,0,4
32,374,1,25,4,1,911,87,1,2,1,1,24,1,2,1,1,0,0,1
33,1198,1,1,4,4,939,100,1,6,3,1,11,6,1,3,3,2,0,2
28,529,1,2,4,1,364,79,1,2,2,0,11,5,5,1,0,0,0,0
26,950,2,4,4,2,401,48,2,7,1,1,12,8,0,3,8,7,7,4
50,264,2,9,3,2,1591,59,5,3,4,1,16,27,2,3,1,0,0,0
58,350,2,2,3,3,1824,52,4,3,4,0,22,37,0,2,16,9,14,14
31,1332,1,11,2,3,1251,80,2,0,1,1,12,6,2,2,6,5,0,1
53,970,1,7,3,1,730,59,4,5,3,0,19,32,3,3,5,1,1,3
56,1443,2,11,5,2,1935,89,2,7,4,0,16,6,3,3,0,0,0,0
36,329,1,2,3,1,501,96,1,6,4,0,13,6,3,3,2,2,2,2
24,567,1,2,1,5,1646,32,1,6,1,1,13,6,2,3,6,3,1,3
35,1370,1,27,4,1,1728,49,2,4,2,0,16,17,3,3,7,7,0,7
34,254,1,1,2,1,649,83,1,6,1,1,13,6,3,3,6,5,1,3
49,1490,1,7,4,1,1484,35,3,0,3,0,14,29,3,3,8,7,0,7
45,248,1,23,2,1,1002,42,2,2,1,1,15,9,2,3,9,8,0,8
38,364,1,3,5,5,193,32,2,6,3,1,20,19,2,3,3,2,2,2
45,1268,2,4,2,1,240,30,2,7,4,1,11,9,3,4,5,4,0,3
26,1384,1,3,4,3,1177,82,1,2,1,0,22,8,2,3,8,7,0,7
33,516,1,8,5,1,1515,69,2,0,2,1,17,14,6,3,0,0,0,0
33,603,2,9,4,2,1157,77,2,7,0,1,17,6,3,3,5,2,0,3
26,342,1,2,3,1,1053,57,1,6,6,1,14,6,2,3,3,2,1,2
26,1443,2,23,3,2,72,47,2,7,7,1,19,5,2,2,2,2,0,0
50,878,2,1,4,1,2044,94,2,7,7,0,12,12,3,3,6,3,0,1
42,355,1,10,4,5,1854,38,1,6,3,0,22,10,1,2,6,3,3,3
36,325,1,10,4,5,1312,63,3,0,3,0,12,10,0,3,7,7,1,7
34,648,0,11,3,1,1289,56,2,1,4,0,11,14,5,4,10,9,1,8
37,663,1,11,3,4,306,47,3,5,1,1,14,10,1,3,10,8,0,7
49,1091,1,1,2,5,431,90,4,0,7,1,12,25,2,3,7,1,0,7
33,1313,1,1,2,3,1994,59,1,2,1,0,12,1,2,2,1,1,0,0
33,134,1,2,3,1,242,90,1,6,0,0,14,4,2,4,3,1,0,2
26,786,1,7,3,3,1693,76,1,2,1,0,20,7,5,3,7,7,5,7
44,381,1,24,3,3,744,49,1,2,2,0,14,9,5,3,5,2,1,4
55,436,2,2,1,3,842,37,2,7,4,0,16,12,3,2,9,7,7,3
34,1442,1,9,3,3,717,46,3,0,1,0,14,9,3,4,8,7,7,7
35,982,1,1,4,3,1172,58,1,2,6,0,12,10,2,3,8,0,1,7
38,433,0,1,3,0,1152,37,1,1,1,0,13,7,2,4,7,6,5,0
32,1184,1,1,3,1,951,70,1,2,6,0,20,5,3,3,3,0,0,2
36,301,2,15,4,2,2036,88,2,7,1,0,24,15,4,2,15,12,11,11
36,894,1,1,4,3,1662,33,2,4,0,0,15,4,6,3,3,2,1,2
39,1431,1,1,4,3,332,96,1,2,7,0,14,7,1,3,3,2,1,2
31,140,1,12,1,3,246,95,1,6,8,1,23,7,0,3,4,2,0,2
34,507,2,15,2,3,1356,66,2,7,1,0,12,10,6,4,10,8,9,6
30,138,1,22,3,1,1004,48,1,6,4,1,11,7,2,3,5,2,0,1
50,410,2,28,3,2,2055,39,3,7,4,1,13,20,3,3,3,2,2,0
40,1151,1,9,5,1,287,63,2,0,9,0,14,5,5,1,3,2,0,2
32,601,2,7,5,2,1446,97,2,7,4,0,12,7,3,2,4,3,0,3
37,977,1,1,3,1,1196,56,2,4,1,0,13,14,2,2,14,8,3,11
47,1093,2,9,3,1,1716,82,4,7,7,0,11,25,3,1,23,5,14,10
42,1147,0,10,3,0,1408,31,4,3,0,0,14,21,5,3,20,7,0,9
33,211,2,16,3,1,1758,74,3,7,2,1,20,11,2,2,0,0,0,0
28,1144,2,10,1,3,1056,74,1,8,1,0,22,1,5,3,1,0,0,0
32,862,2,2,1,1,1190,76,1,8,1,0,12,1,3,3,1,0,0,0
28,1169,0,8,2,3,869,63,1,1,1,0,13,6,6,3,5,1,0,4
39,1218,1,1,1,1,531,52,5,3,1,1,14,21,3,3,21,8,1,6
39,412,1,13,4,3,1307,94,4,3,6,1,13,21,4,3,19,9,15,2
49,722,1,25,4,1,1617,84,1,2,1,0,14,10,3,2,9,6,1,4
28,329,1,24,3,3,1604,51,1,2,1,1,17,1,3,3,1,1,0,0
45,1449,2,2,3,2,1277,94,5,3,2,1,16,26,2,3,24,10,1,11
60,370,1,1,4,3,1697,92,3,0,3,0,20,19,2,4,1,0,0,0
36,1195,1,11,3,1,85,95,2,4,1,0,13,6,3,3,6,5,0,3
42,622,1,2,4,1,659,81,2,0,1,0,13,10,4,3,10,2,2,2
33,350,2,5,3,2,485,34,1,8,1,1,13,1,2,3,1,0,0,0
28,640,1,1,3,5,1301,84,1,6,2,0,11,5,2,2,3,2,1,2
41,1360,1,12,3,5,58,49,5,5,1,0,12,23,0,3,22,15,15,8
25,383,2,9,2,1,1439,68,1,8,3,0,12,6,2,3,3,2,2,2
31,249,2,6,4,1,163,76,2,7,4,1,18,12,3,2,7,7,7,7
35,146,1,2,4,3,1704,79,1,6,0,1,14,6,2,4,5,4,1,4
60,696,2,7,4,2,1233,52,2,7,0,1,18,12,3,3,11,7,1,9
33,1075,0,3,2,0,910,57,1,1,3,1,11,7,4,4,4,3,0,3
40,300,2,26,3,2,1066,74,2,7,1,0,14,8,3,2,7,7,7,5
37,482,1,3,3,4,689,36,3,4,1,0,15,10,2,3,10,7,7,8
35,1137,1,21,1,1,942,51,2,0,1,1,25,10,2,1,10,6,0,7
45,538,1,1,4,5,1553,66,3,0,1,0,12,10,4,3,10,8,7,7
46,1319,2,3,3,5,1863,45,4,7,2,0,12,25,5,3,19,17,2,8
58,147,1,23,4,3,165,94,3,0,1,0,12,40,3,2,40,10,15,6
40,523,1,2,3,1,1346,98,2,6,1,0,13,9,4,3,9,8,8,8
47,249,2,2,2,2,903,35,2,7,0,1,22,8,2,3,7,6,7,7
36,1266,2,10,4,5,1880,63,2,7,1,1,13,10,4,3,10,9,1,7
55,836,1,8,3,3,84,33,4,3,2,1,14,21,2,3,5,0,0,2
45,549,1,8,4,4,452,75,2,6,9,0,14,12,3,3,10,9,9,8
22,457,1,26,2,4,1605,85,1,6,1,1,14,4,2,2,4,2,1,3
35,1199,1,18,4,1,2049,80,2,0,1,1,14,10,2,4,10,2,0,2
32,1005,1,2,2,1,8,79,1,2,0,0,13,8,2,2,7,7,3,6
31,1365,2,13,4,3,650,46,2,7,2,0,17,9,2,1,3,1,1,2
56,906,2,6,3,1,532,86,4,7,9,0,11,36,0,2,7,7,7,7
33,589,1,28,4,1,1549,79,2,2,1,1,12,15,3,3,15,14,5,7
33,1392,1,3,4,1,5,56,1,6,1,1,11,8,3,3,8,7,3,0
41,1411,1,19,2,1,334,36,2,6,2,0,16,17,2,2,1,0,0,0
38,1336,0,2,3,0,1805,100,1,1,5,0,13,13,3,3,11,10,3,8
59,1089,2,1,2,5,1048,66,3,3,3,1,14,14,1,1,6,4,0,4
50,1322,1,28,3,1,1317,43,4,5,4,1,11,25,2,3,3,2,1,2
26,192,1,1,2,3,1083,59,1,2,1,0,16,6,2,3,5,3,1,3
44,935,1,3,3,1,1333,89,1,2,4,0,12,10,4,4,3,2,1,2
44,661,1,9,2,1,913,61,1,6,1,1,13,8,0,3,8,7,7,1
30,1312,1,2,4,5,1745,78,1,6,0,0,16,10,2,3,9,7,0,7
29,1092,1,1,4,3,2027,36,1,6,9,1,14,4,3,4,2,2,2,2
29,1401,1,6,1,3,1192,54,1,2,1,0,13,10,5,3,10,8,0,8
56,1369,1,23,3,1,1373,68,4,4,4,1,12,33,0,3,19,16,15,9
42,1265,1,3,3,1,894,95,2,2,2,1,13,17,1,2,5,3,1,3
34,258,2,21,4,1,621,74,2,7,1,0,12,10,3,3,10,7,5,7
30,1116,1,2,3,3,571,49,1,2,0,0,14,12,2,2,11,7,6,7
55,725,1,2,3,3,787,78,5,3,5,1,13,24,2,3,5,2,1,4
41,167,1,12,4,1,1158,46,1,2,3,1,11,6,4,3,1,0,0,0
29,1010,1,1,3,1,1249,97,1,6,1,0,15,3,5,3,3,2,1,2
51,833,1,1,3,1,353,96,1,6,1,0,11,1,0,2,1,0,0,0
42,300,1,2,3,1,2031,56,5,3,5,0,11,24,2,2,22,6,4,14
46,706,1,2,2,1,1857,82,3,4,3,0,14,12,4,2,9,8,4,7
41,645,2,1,3,2,534,49,3,7,1,0,16,10,2,3,10,7,0,7
30,793,1,16,1,1,1729,33,1,6,1,0,12,10,2,2,10,0,0,8
29,1370,1,3,1,3,1586,87,1,2,1,1,18,10,3,3,10,9,1,5
32,1018,1,2,4,3,439,74,2,6,7,0,16,10,0,2,7,7,0,7
27,1469,1,1,2,3,497,82,1,2,1,0,11,5,2,3,5,2,0,4
48,817,2,2,1,2,712,56,2,7,3,0,12,12,3,3,2,2,2,2
29,598,1,9,3,1,1558,91,1,6,6,0,18,5,2,2,1,0,0,0
32,588,2,8,2,5,436,65,2,7,1,1,11,13,2,3,13,12,11,9
35,950,1,7,3,4,845,59,3,4,3,0,21,17,3,4,8,5,1,6
48,365,1,4,5,3,1644,89,4,3,2,0,25,23,3,3,2,2,2,2
44,1097,1,10,4,1,1200,96,1,6,1,1,11,6,4,3,6,4,0,2
38,243,2,7,4,2,709,46,2,7,0,0,20,8,2,3,7,7,0,5
38,343,1,15,2,1,461,92,3,5,0,1,14,12,3,3,11,10,2,9
54,548,1,8,4,1,578,42,2,2,7,0,11,19,3,3,1,0,0,0
40,1202,1,2,1,3,1375,89,2,0,5,0,20,15,0,3,12,11,11,8
55,267,2,13,4,2,1372,85,4,7,6,1,17,24,2,2,19,7,3,8
32,234,2,1,4,3,2013,68,1,8,0,0,14,3,2,3,2,2,2,2
30,853,1,7,4,1,1224,49,2,2,1,0,13,10,4,2,10,7,8,9
36,188,1,7,4,4,949,65,1,6,2,0,18,8,6,3,6,2,0,1
51,1178,2,14,2,1,500,87,2,7,4,0,11,18,2,2,7,7,0,7
21,1427,1,18,1,4,923,65,1,6,1,0,19,1,3,2,1,0,0,0
38,688,1,23,4,1,393,82,2,0,9,0,14,10,2,3,2,2,1,2
29,121,2,27,3,2,283,35,3,7,1,0,22,10,3,2,10,4,1,9
35,1232,2,16,3,2,406,96,3,7,0,0,15,12,3,2,11,9,6,9
45,1448,1,29,3,5,1465,55,3,4,4,1,18,10,4,4,3,1,1,2
41,552,0,4,3,0,1722,60,2,1,6,0,19,10,4,3,3,2,1,2
51,541,2,2,3,2,1391,52,3,7,2,0,11,14,5,3,4,2,3,2
46,1009,1,2,3,1,575,51,4,5,6,0,13,26,2,1,3,2,0,1
25,1280,1,7,1,3,143,64,1,6,1,0,11,2,2,3,2,2,2,1
30,1334,2,4,2,3,121,63,2,7,1,1,12,11,4,2,11,8,2,7
35,1214,1,1,3,3,105,30,1,6,1,0,18,6,3,3,6,4,0,4
22,1294,1,8,1,3,1783,79,1,2,1,1,17,1,6,3,1,0,0,0
31,163,1,24,1,5,1736,30,2,4,2,0,20,9,3,2,5,4,1,4
30,334,2,26,4,2,299,52,2,7,5,0,15,9,5,2,6,3,0,1
45,192,1,10,2,1,544,69,1,6,3,0,21,8,3,2,2,2,0,2
39,524,1,18,2,1,1322,32,2,4,0,0,11,9,6,3,8,7,1,7
29,490,1,10,3,1,1143,61,1,6,0,0,14,8,2,2,7,5,1,1
27,894,1,9,3,3,260,99,1,6,1,0,16,7,2,2,7,7,0,3
40,593,1,9,4,3,1166,88,3,5,9,0,17,20,3,2,18,7,2,13
35,1017,1,6,4,1,691,82,2,6,1,0,13,17,3,3,17,11,11,8
28,1181,1,1,3,1,1799,82,1,6,1,0,11,5,6,4,5,3,0,3
28,1404,1,17,3,5,1960,32,1,2,5,0,12,6,2,2,4,1,0,3
45,1005,1,28,2,5,1719,48,4,5,1,0,11,21,2,3,21,6,8,6
33,147,1,4,4,3,305,47,1,6,6,0,21,7,3,3,3,2,1,1
37,1413,1,5,2,5,1440,84,1,2,0,0,14,7,2,1,6,5,1,3
27,1130,2,8,4,2,458,56,2,7,1,0,18,8,3,3,8,7,0,7
33,515,1,1,2,1,73,98,3,5,1,1,12,15,1,3,15,14,8,12
48,708,2,7,2,3,1691,95,1,8,2,1,11,19,3,3,9,7,7,7
38,653,1,29,5,1,79,50,2,2,1,0,11,10,2,3,10,3,9,9
31,1125,1,1,3,1,1956,48,2,6,1,0,21,10,6,3,10,8,8,7
56,206,0,8,4,1,1338,99,5,3,6,0,14,36,4,3,7,3,7,7
26,265,2,29,2,3,1037,79,2,7,8,0,18,7,6,3,2,2,2,2
37,1372,1,1,3,1,391,42,1,6,1,0,12,17,3,3,17,12,5,7
33,430,2,7,3,3,1477,54,2,7,0,0,14,5,2,3,4,3,0,3
55,147,1,20,2,5,389,37,2,2,3,1,19,12,4,3,10,7,0,8
21,337,2,7,1,2,1780,31,1,8,1,0,13,1,3,3,1,0,1,0
30,330,0,1,3,1,1499,46,1,1,0,0,21,6,3,4,5,3,1,3
43,782,1,6,4,4,661,50,4,5,4,1,14,21,3,2,1,0,0,0
50,562,2,8,2,5,723,50,2,7,3,1,14,18,4,3,4,3,1,3
33,867,1,8,4,1,1798,90,1,6,6,0,19,14,1,3,10,8,7,6
45,950,1,28,3,5,1546,97,1,6,4,0,20,8,3,3,5,4,0,3
44,1199,1,4,2,1,1288,92,5,3,1,0,14,26,4,2,25,9,14,13
31,1125,2,7,4,2,1833,68,3,7,2,0,14,9,3,3,3,2,2,2
38,371,1,2,3,1,24,45,1,6,5,1,11,6,3,3,3,2,1,2
36,1120,2,11,4,2,2045,100,2,7,4,0,13,8,2,2,6,3,0,0
27,1157,1,17,3,5,233,51,1,6,0,1,16,6,3,2,5,2,1,1
31,697,1,10,3,3,1979,40,3,5,4,0,20,13,2,4,11,7,4,8
36,1434,2,8,4,1,789,76,3,7,1,0,15,10,1,3,10,7,0,9
39,766,2,20,3,1,1812,83,2,7,2,0,18,7,6,3,2,1,2,2
45,1015,1,5,5,3,1611,50,2,2,1,1,14,10,3,3,10,7,1,4
36,852,1,5,4,1,51,82,1,6,9,1,14,6,3,4,1,1,0,0
51,632,2,21,4,2,120,71,2,7,0,1,22,11,2,1,10,7,1,0
37,1231,2,21,2,3,900,54,1,8,5,0,15,10,3,3,5,4,0,0
29,1086,1,7,1,3,912,62,1,2,6,0,14,8,5,3,4,3,0,3
35,727,1,3,3,1,704,41,1,2,1,0,18,1,3,3,1,0,0,0
52,266,2,2,1,2,1038,57,5,3,1,0,15,33,3,3,32,14,6,9
28,280,0,1,2,1,1858,43,1,1,1,0,15,3,2,3,3,2,2,2
28,1158,1,9,3,3,377,94,1,6,1,0,23,5,3,2,5,2,0,4
35,482,1,4,4,1,1350,87,2,6,1,1,11,9,3,3,9,6,1,1
42,544,0,2,1,5,470,52,1,1,0,1,11,4,5,3,3,2,1,0
40,630,2,4,4,2,215,67,3,7,7,0,11,15,2,2,12,11,2,11
45,1050,2,9,4,1,1117,65,2,7,1,0,13,15,2,3,15,10,4,12
29,1283,1,23,3,1,495,54,1,6,9,0,16,6,4,3,3,2,1,2
36,1213,0,2,1,0,1890,94,2,1,1,0,21,10,2,2,10,1,0,8
25,240,2,5,3,2,142,46,2,7,1,1,11,6,1,3,6,4,0,3
53,1376,2,2,2,3,981,45,4,3,6,0,13,22,3,4,17,13,15,2
33,527,1,1,4,4,780,63,1,6,1,1,13,10,2,2,10,9,7,8
45,788,0,24,4,3,1049,36,1,1,1,0,16,6,3,3,6,3,0,4
45,1339,1,7,3,1,86,59,3,6,2,0,17,25,2,3,1,0,0,0
47,703,2,14,4,2,728,42,2,7,2,0,12,20,2,3,7,7,1,7
44,1112,0,1,4,1,665,50,2,1,4,0,11,10,1,4,2,2,0,2
42,1128,1,13,3,3,1803,95,2,0,5,0,18,10,2,2,0,0,0,0
47,202,1,2,2,4,820,33,4,3,1,1,11,26,3,2,26,14,3,0
32,638,1,8,2,3,865,91,2,6,5,0,12,9,3,2,5,3,1,3
56,1240,1,9,3,3,1071,63,1,6,2,0,19,18,4,3,5,4,0,3
37,589,2,9,2,2,1787,46,2,7,1,0,14,5,2,3,5,2,0,3
30,946,1,2,3,3,833,52,2,4,5,1,24,12,4,2,0,0,0,0
28,580,1,27,3,3,1622,39,2,4,0,0,21,6,5,2,5,3,0,0
47,217,2,3,3,3,746,49,4,7,9,1,12,28,2,2,22,2,11,13
31,754,2,26,4,2,1967,63,2,7,1,1,11,10,4,3,10,7,0,8
26,157,1,1,3,3,1952,95,1,2,0,0,13,8,6,2,7,7,7,6
55,692,1,14,4,3,254,61,5,5,8,0,11,36,3,3,24,15,2,15
59,1435,2,25,3,1,81,99,3,7,7,0,11,28,3,2,21,16,7,9
42,288,1,2,3,1,1547,40,3,0,2,1,14,24,3,1,20,8,13,9
50,1115,1,1,3,1,141,73,5,5,3,1,19,28,1,2,8,3,0,7
38,395,2,9,3,2,893,98,1,8,0,0,19,3,3,3,2,2,1,2
26,575,1,3,1,5,510,73,1,6,0,0,22,7,2,3,6,4,0,4
36,1157,2,2,4,1,1556,70,1,8,3,1,21,7,3,2,3,2,1,2
54,966,1,1,4,1,1245,53,3,4,7,0,17,33,2,1,5,4,1,4
21,996,1,3,2,3,379,100,1,6,1,0,17,3,4,4,3,2,1,0
19,489,0,2,2,5,566,52,1,1,1,0,12,1,3,4,1,0,0,0
32,498,1,3,4,3,966,93,2,4,1,0,12,8,2,4,8,7,6,3
28,1366,1,24,2,5,1082,72,3,0,1,0,12,10,2,2,10,7,1,9
31,874,1,15,3,3,1160,72,1,2,1,0,12,2,5,2,2,2,2,2
58,1145,1,9,3,3,214,75,1,6,4,1,20,9,3,2,1,0,0,0
22,1123,1,16,2,3,22,96,1,2,1,1,13,1,2,2,1,0,0,0
37,319,2,4,4,2,311,41,1,8,4,0,17,13,2,3,9,8,5,8
33,461,1,13,1,1,995,53,1,6,3,0,18,5,4,3,3,2,0,2
19,645,1,9,2,1,1193,54,1,6,1,0,25,1,4,3,1,1,0,0
51,942,1,3,3,5,1786,53,3,3,2,0,11,15,2,3,2,2,2,2
31,655,1,7,4,1,76,48,2,2,3,0,22,10,3,2,7,7,1,7
27,1242,2,20,3,1,293,90,2,7,1,0,14,7,2,3,7,7,0,7
36,1299,1,27,3,3,13,94,2,0,6,0,13,17,3,2,7,7,7,7
47,1001,1,4,3,1,1827,92,3,4,8,1,12,28,4,3,22,11,14,10
35,1225,1,2,4,1,771,61,2,0,2,0,11,16,2,4,1,0,0,0
30,241,1,7,3,3,1609,48,1,6,1,0,12,6,3,2,6,4,1,1
31,976,1,3,2,3,1948,48,1,6,1,1,13,4,3,4,4,2,2,3
33,586,2,1,3,3,855,48,2,7,1,0,22,9,5,3,9,8,0,8
45,556,1,25,2,1,1888,93,2,4,0,0,13,10,2,2,9,8,3,8
29,746,2,24,3,5,1928,45,1,8,1,0,17,1,3,3,1,0,0,0
28,760,2,2,4,2,846,81,2,7,1,1,20,8,2,3,8,7,7,5
19,528,2,22,1,2,167,50,1,8,1,1,19,0,2,2,0,0,0,0
46,1254,2,10,3,1,1869,64,3,7,5,0,21,14,2,3,8,7,0,7
34,181,1,2,4,3,1755,97,1,6,0,1,14,6,3,3,5,0,1,2
40,791,1,2,2,3,807,38,2,0,1,0,24,8,2,3,8,7,3,7
35,1402,2,28,4,1,1554,98,1,8,0,0,23,6,5,3,5,3,4,2
38,508,1,6,4,1,1997,72,2,4,2,0,11,10,1,3,8,3,7,7
49,1261,1,7,3,4,499,31,3,0,8,0,24,26,2,3,5,2,0,0
53,124,2,2,3,2,1050,38,3,7,2,0,12,30,2,3,15,7,6,12
33,575,1,25,3,1,1545,44,2,4,1,0,13,5,2,3,5,3,0,2
44,921,1,2,3,1,1703,96,3,0,1,1,19,9,2,3,8,7,6,7
31,688,2,7,3,1,613,44,3,3,9,0,21,10,3,2,5,4,0,1
51,968,1,6,2,3,1297,40,1,2,0,0,14,8,6,2,7,0,7,7
34,665,1,6,4,4,138,41,2,6,1,0,14,16,3,3,16,13,2,10
36,884,2,1,4,1,1585,73,2,7,6,0,13,15,5,3,1,0,0,0
32,1200,1,1,4,5,1574,62,2,6,4,0,14,9,3,2,6,5,1,2
34,511,2,3,2,1,1779,32,2,7,5,0,12,6,3,3,2,2,2,2
42,933,1,19,3,3,752,57,1,6,6,1,12,7,2,3,2,2,2,2
39,505,1,2,4,5,343,64,3,0,0,0,25,20,1,3,19,6,11,8
30,1465,1,1,3,3,1241,63,1,6,0,1,21,12,2,3,11,9,5,7
29,1389,1,21,4,1,20,51,3,4,1,0,11,10,1,3,10,9,8,8
35,802,1,10,3,4,1028,45,1,2,1,0,20,3,4,2,3,2,1,2
39,1387,1,10,5,3,1618,76,2,4,2,0,13,10,3,3,7,7,7,7
22,617,1,3,1,1,926,34,2,4,0,1,19,4,3,4,3,2,0,2
45,1457,1,7,3,3,1195,83,1,6,4,1,19,7,2,2,3,2,0,2
35,384,2,8,4,1,805,72,1,8,1,0,16,3,1,2,3,2,0,2
40,611,2,7,4,3,1740,88,5,3,1,0,14,21,3,2,21,8,12,8
34,1362,2,19,3,2,502,67,2,7,8,1,13,9,3,2,5,2,0,4
35,636,1,4,4,4,1185,47,1,2,1,0,13,2,2,4,2,2,2,2
32,906,2,7,3,1,420,91,2,7,1,0,14,13,3,2,13,8,4,8
41,334,2,2,4,1,410,88,4,3,1,0,19,22,2,3,22,10,0,4
34,943,1,9,3,1,1344,86,3,0,0,0,11,10,0,2,9,7,1,6
29,665,1,15,3,1,346,60,1,6,1,0,19,6,1,3,6,5,1,5
35,287,1,1,4,1,2052,62,1,6,1,0,12,4,5,3,4,3,1,1
57,593,1,1,4,3,482,88,2,0,2,0,11,15,2,3,3,2,1,2
34,999,1,26,1,5,1374,92,1,6,1,0,20,5,2,3,5,4,0,0
35,583,1,25,4,3,1014,57,3,0,1,1,11,16,3,2,16,10,10,1
22,604,1,6,1,3,675,69,1,6,0,0,20,3,3,3,2,2,2,2
41,549,1,7,2,3,1025,42,2,4,6,0,14,8,6,3,2,2,2,1
32,1018,1,3,2,1,727,39,3,5,3,0,15,10,6,3,7,7,7,7
40,118,2,14,2,1,1598,84,2,7,1,0,15,5,2,3,5,4,1,2
31,408,1,9,4,1,493,42,1,6,0,1,16,3,5,3,2,2,2,2
27,954,2,9,3,2,1965,44,2,7,1,0,14,7,5,3,7,7,0,7
30,990,1,7,3,5,1482,64,1,6,1,0,13,1,2,2,1,0,0,0
44,981,1,5,3,1,1471,90,1,2,3,0,14,7,5,3,5,2,0,3
37,367,1,25,2,3,1161,52,2,0,7,0,13,9,2,3,6,2,1,3
33,501,1,15,2,3,2009,95,2,0,0,1,13,10,6,3,9,7,8,1
34,735,1,22,4,4,1932,86,2,6,1,1,15,16,3,3,15,10,6,11
36,1302,1,6,4,1,1594,80,2,2,3,1,13,9,3,3,3,2,0,2
29,318,1,8,4,4,454,77,1,2,1,1,11,7,4,2,7,7,0,7
42,179,0,2,5,3,1231,79,2,1,7,0,16,10,3,4,4,3,0,3
46,669,2,9,2,3,118,64,3,7,1,0,16,9,3,3,9,8,4,7
31,1112,2,5,4,1,1673,67,2,7,1,0,11,10,2,3,10,0,0,2
21,756,2,1,1,5,478,99,1,8,1,1,11,3,3,3,3,2,1,2
39,792,1,1,3,1,1737,77,2,2,1,1,15,9,2,3,9,8,5,8
45,252,1,1,3,4,336,70,5,3,0,0,11,25,2,3,24,0,1,7
35,1219,2,18,3,3,975,86,2,7,1,0,16,5,3,3,5,2,1,0
21,156,2,12,3,1,494,90,1,8,1,0,15,1,0,3,1,0,0,0
34,1107,0,9,4,5,1467,52,1,1,1,0,15,2,0,3,2,2,2,2
46,1211,2,5,4,2,62,98,2,7,4,1,21,14,4,3,9,6,0,8
39,360,1,23,3,3,1310,93,1,6,0,0,13,6,2,3,5,2,0,3
35,185,1,23,4,3,1826,91,1,2,0,0,16,6,2,4,5,4,0,3
31,1445,1,1,5,1,1459,100,3,4,1,0,11,10,2,3,10,8,4,7
24,1287,1,7,3,1,647,55,1,2,1,1,16,6,4,3,6,3,1,2
39,105,1,9,3,1,2022,87,5,3,2,0,13,21,3,2,6,0,1,3
20,500,2,2,3,3,922,49,1,8,1,0,13,2,3,2,2,2,0,2
34,1003,1,2,2,1,1140,95,2,4,2,0,11,5,3,2,3,2,0,2
44,1448,2,28,3,3,1039,53,4,7,3,1,18,23,2,3,12,11,11,11
53,661,2,7,2,2,862,78,3,7,7,1,18,35,3,3,5,2,0,4
42,532,1,4,2,5,319,58,5,3,1,0,11,22,3,3,22,17,11,15
51,1302,1,2,3,3,408,84,2,4,5,0,18,13,3,3,4,1,1,2
33,213,1,7,3,3,817,49,3,5,0,0,11,14,3,4,13,9,3,7
35,662,2,18,4,2,1380,67,2,7,0,1,18,5,0,2,4,2,3,2
38,1327,2,2,2,1,361,39,2,7,3,0,18,13,0,3,8,7,7,5
27,975,1,7,3,3,764,55,2,0,8,0,19,9,2,1,7,6,0,7
27,798,1,6,4,3,655,66,1,6,0,0,12,6,5,2,5,3,0,3
55,836,1,2,4,5,1873,98,1,6,8,0,20,19,2,4,5,2,0,4
40,1171,1,10,4,1,483,46,1,2,3,1,13,10,3,3,7,7,1,7
53,447,1,2,3,3,1472,39,4,5,4,0,12,35,2,2,9,8,8,8
44,1313,1,7,3,3,1608,31,5,5,0,1,14,23,4,2,22,7,1,10
28,1009,1,1,3,3,1111,45,1,2,1,0,15,1,2,3,1,0,0,0
26,652,1,7,3,4,1417,100,1,2,0,0,12,8,2,3,7,7,0,7
30,1427,1,2,1,3,198,35,1,2,0,0,13,6,3,3,5,3,1,2
42,265,2,5,2,2,1029,90,5,3,6,0,13,21,3,4,1,0,0,0
48,626,1,1,2,1,64,98,3,2,9,1,13,23,2,3,1,0,0,0
44,1037,1,1,3,3,2020,42,1,6,6,1,12,6,2,3,4,3,1,2
31,542,2,20,3,1,175,71,2,7,3,1,11,4,2,3,2,2,2,2
20,654,2,21,3,2,1226,43,1,8,1,0,17,2,2,3,2,1,2,2
29,115,2,13,3,5,1487,51,2,7,5,0,11,7,4,1,5,3,0,0
42,1142,1,8,3,1,1860,81,1,2,4,0,13,8,3,3,0,0,0,0
59,715,1,2,3,1,1032,69,4,4,3,1,13,30,4,3,5,3,4,3
27,486,1,8,3,3,1647,86,1,6,7,0,17,5,0,3,3,2,0,2
30,231,2,8,2,4,982,62,3,7,5,0,11,10,2,4,8,4,7,7
32,267,1,29,4,1,2010,49,1,2,1,0,13,6,3,3,6,2,4,1
28,995,1,9,3,3,930,77,1,6,5,0,18,6,2,3,2,2,2,2
36,557,2,3,3,3,2024,94,3,7,0,0,19,10,2,3,9,7,3,4
37,889,1,9,3,3,403,53,1,6,1,1,12,4,3,2,4,2,1,2
24,506,1,29,1,3,1725,91,1,2,1,0,13,6,2,4,6,2,1,2
33,813,1,14,3,3,325,58,1,2,5,1,13,8,2,1,5,4,0,4
45,364,1,25,3,3,1306,83,5,3,3,0,22,22,4,3,0,0,0,0
37,228,2,6,4,3,378,98,2,7,4,0,14,7,5,4,5,4,0,1
38,1261,1,2,4,1,271,88,2,4,9,0,14,14,3,3,1,0,0,0
31,793,2,20,3,1,1135,67,1,8,0,0,12,3,4,3,2,2,2,2
28,1179,1,19,4,3,1216,78,1,2,1,0,12,6,2,3,6,5,3,3
46,150,1,2,4,5,1228,60,2,4,2,0,11,12,3,2,6,3,1,4
51,684,1,6,3,1,162,51,5,5,7,0,13,23,5,3,20,18,15,15
26,471,1,24,3,5,622,66,1,2,1,1,18,1,3,1,1,0,0,0
31,691,2,7,3,2,438,73,2,7,4,0,12,13,3,3,7,7,1,7
45,193,1,6,4,4,101,52,3,5,4,1,14,17,3,4,0,0,0,0
37,571,1,10,1,1,802,82,1,6,0,1,13,6,3,2,5,3,4,3
36,635,2,10,4,3,592,32,3,7,1,0,14,10,3,2,10,3,9,7
34,1111,2,8,2,1,808,93,2,7,5,0,17,6,1,3,3,2,1,2
27,1054,1,8,3,3,1751,67,1,6,1,0,11,6,5,2,6,2,1,4
49,1495,1,5,4,5,1473,96,2,0,2,0,14,20,0,2,3,2,1,2
35,755,1,9,4,1,496,97,2,0,9,0,19,10,5,3,1,1,0,0
39,867,1,9,2,3,1936,87,2,4,1,0,25,10,3,3,10,0,7,9
32,1045,2,4,4,3,291,32,3,7,1,0,11,14,2,2,14,8,9,8
36,1351,1,9,4,1,1949,66,1,2,1,0,22,5,3,3,5,4,0,2
39,1122,1,6,3,3,932,70,1,2,7,1,21,8,2,1,2,2,2,2
35,776,2,1,4,2,100,32,2,7,0,0,14,16,2,3,15,13,2,8
41,447,1,5,3,1,1814,85,2,0,3,0,12,11,3,1,3,2,1,2
27,1410,2,3,1,3,714,71,2,7,1,1,20,6,3,3,6,5,0,4
45,1316,1,29,3,3,192,83,1,6,5,0,13,9,2,2,6,5,0,3
30,1176,1,20,3,4,1084,85,2,4,0,0,15,7,1,2,6,2,0,2
33,750,2,22,2,2,160,95,2,7,0,0,13,8,2,4,7,7,0,7
24,691,1,23,3,3,639,89,1,6,1,1,11,6,3,3,6,5,1,4
34,1351,1,1,4,1,1580,45,2,6,9,0,17,9,3,2,2,2,2,1
51,1456,1,1,4,3,145,30,3,0,3,0,20,23,1,2,13,12,12,8
35,1180,1,2,2,3,1804,90,2,4,2,0,14,15,6,3,7,7,1,7
36,1223,1,8,3,5,83,59,3,0,1,0,13,17,2,3,17,14,12,8
25,867,2,19,2,2,952,36,1,8,1,1,18,1,2,3,1,0,0,0
27,294,1,10,2,1,733,32,3,4,1,0,21,9,4,2,9,7,1,7
20,769,2,9,3,2,1077,54,1,8,1,1,14,2,3,3,2,2,0,2
31,182,1,8,5,1,1430,93,4,5,3,0,11,9,3,4,3,2,1,0
39,903,2,2,5,1,985,41,3,7,0,0,18,9,3,3,8,7,0,7
52,715,1,19,4,3,791,41,1,6,0,0,18,5,3,3,4,3,1,2
50,1099,1,29,4,1,569,88,4,3,0,0,15,28,2,3,27,10,15,7
43,531,2,4,4,2,1293,56,3,7,3,0,14,23,3,4,21,7,15,17
34,618,1,3,1,1,1103,45,2,0,0,0,17,7,1,2,6,2,0,4
38,1084,1,29,3,5,273,54,2,4,3,0,18,9,3,1,7,7,1,7
30,1082,2,12,3,5,533,83,2,7,0,0,11,6,6,3,5,4,4,4
31,703,2,2,3,1,1379,90,1,8,7,0,14,3,3,4,1,0,0,0
51,1169,1,7,4,3,211,34,2,4,2,0,17,10,2,3,1,0,0,0
29,1378,1,13,2,4,2053,46,2,2,4,1,13,10,2,3,4,3,0,3
33,827,1,1,4,4,998,84,2,0,1,1,13,6,2,3,6,5,1,2
41,1276,2,2,5,1,625,91,4,3,7,0,16,22,2,3,18,16,11,8
39,170,1,3,2,3,1627,76,2,2,0,0,15,11,3,3,10,8,0,7
53,1223,1,7,2,3,1201,50,5,3,3,0,18,26,6,3,7,7,4,7
28,1423,1,1,3,1,1506,72,1,6,1,0,14,1,2,1,1,0,0,0
44,621,1,15,3,3,1295,73,3,0,1,0,11,10,2,3,10,7,0,5
42,1059,1,9,2,4,1595,93,5,3,8,0,22,24,2,3,1,0,0,1
32,128,1,2,1,5,362,84,2,2,4,0,13,9,5,3,6,2,0,4
30,945,2,9,3,3,1876,89,1,8,1,0,13,1,3,2,1,0,0,0
29,144,2,10,1,2,463,39,2,7,1,1,14,7,2,3,7,7,1,7
28,304,2,9,4,1,498,92,2,7,1,0,16,7,1,3,7,5,0,7
37,1107,1,14,3,1,515,95,1,2,1,0,12,18,2,2,18,7,12,17
35,817,1,1,3,3,1369,60,2,2,0,0,12,10,0,3,9,7,0,0
37,342,2,16,4,2,868,66,2,7,4,0,19,9,2,3,1,0,0,0
33,1017,1,25,3,3,1108,55,1,6,4,1,20,5,0,3,2,2,2,2
23,1309,1,26,1,1,465,83,1,6,1,0,12,4,2,2,4,2,0,2
36,1040,1,3,2,1,1664,79,2,0,6,0,20,13,3,3,5,4,0,4
21,1334,1,10,3,1,1079,36,1,2,1,0,13,1,6,2,1,0,1,0
58,390,1,1,4,1,422,32,2,0,2,1,13,12,2,3,5,3,1,2
29,746,2,2,3,1,469,61,2,7,1,0,14,4,3,2,4,3,0,2
33,536,2,10,5,2,1268,82,3,7,0,1,14,10,3,3,9,8,0,8
25,772,1,2,1,1,1653,77,2,4,1,0,17,7,6,3,7,7,0,7
36,884,1,23,2,3,2061,41,2,2,4,0,17,17,3,3,5,2,0,3
33,118,2,16,3,2,819,69,2,7,5,0,15,6,3,3,3,2,0,2
36,1403,1,6,3,1,373,47,1,2,0,0,11,16,4,3,15,13,10,11
37,1373,1,2,2,4,4,92,1,2,6,1,15,7,3,3,0,0,0,0
24,350,1,21,2,5,1551,57,1,2,0,0,14,2,3,3,1,1,0,0
38,849,1,25,2,1,421,81,3,5,3,0,17,19,2,3,10,8,0,1
23,1243,1,6,3,1,811,63,1,2,1,1,21,1,2,3,0,0,0,0
22,1256,1,19,1,3,217,80,1,6,1,0,24,2,6,3,2,2,2,2
24,693,2,3,2,1,720,65,2,7,9,0,14,4,3,3,2,2,2,0
37,1063,1,25,5,3,529,72,2,6,3,1,15,15,2,3,13,11,10,7
31,525,2,6,4,3,653,66,2,7,4,0,22,13,4,4,7,7,5,7
59,142,1,3,3,1,309,70,1,6,3,0,17,7,6,3,1,0,0,0
30,721,1,1,2,3,57,58,2,2,1,0,23,12,2,3,12,8,3,7
35,528,0,8,4,5,1164,100,1,1,1,0,17,6,2,1,5,4,1,4
39,119,2,15,4,2,1975,77,4,7,0,0,12,21,3,3,20,8,11,10
32,977,1,2,3,3,1671,45,2,6,0,0,13,10,4,2,9,5,1,6
36,845,2,1,5,3,479,45,2,7,4,0,15,7,6,3,1,0,0,0
34,629,1,27,2,3,247,95,1,6,2,0,15,9,3,3,3,2,1,2
38,770,2,10,4,2,1119,73,3,7,0,1,14,9,2,3,8,7,2,7
36,427,1,8,3,1,742,63,3,5,9,0,14,10,2,3,8,7,0,5
30,413,2,7,1,2,585,57,1,8,0,0,14,4,3,3,3,2,1,2
30,288,1,2,3,1,117,99,2,0,1,0,19,11,3,3,11,10,10,8
32,1474,2,11,4,4,631,60,2,7,8,0,12,6,2,3,4,2,1,2
59,326,2,3,3,1,1254,48,2,7,5,0,17,13,2,3,6,1,0,5
35,882,2,3,4,1,984,92,3,7,6,0,13,12,2,3,10,9,0,8
40,1416,1,2,2,3,352,49,5,5,0,0,19,22,5,3,21,7,3,9
30,1312,1,23,3,1,159,96,1,6,1,0,25,10,2,2,10,7,0,9
40,989,1,4,1,3,253,46,5,3,1,0,14,21,2,3,20,8,9,9
40,1094,2,28,3,4,615,58,3,7,3,0,15,20,2,3,1,0,0,1
35,464,1,4,2,4,53,75,1,2,1,0,12,1,3,3,1,0,0,0
35,138,1,2,3,3,269,37,2,2,5,0,11,10,5,3,6,2,1,2
50,809,2,12,3,2,174,77,3,7,4,0,11,16,3,3,2,2,2,1
51,1150,1,8,4,1,179,53,3,4,2,0,15,18,2,3,4,2,0,3
40,329,1,1,4,1,1361,88,1,2,3,0,22,7,3,3,4,2,0,3
44,1117,1,2,1,1,1246,72,1,6,1,0,13,10,5,3,10,5,7,7
33,722,2,17,3,1,992,38,4,3,1,0,11,10,2,3,10,8,6,0
44,1467,1,20,3,1,1475,49,1,6,1,0,13,6,3,2,5,2,1,3
47,1225,2,2,4,1,1676,47,4,3,6,0,14,29,2,3,3,2,1,2
39,1089,1,6,3,1,1525,32,3,4,4,0,18,9,3,3,2,0,2,2
47,465,1,1,3,5,1438,74,1,6,7,0,12,17,2,2,6,5,1,2
42,1271,1,2,1,3,875,35,1,6,5,1,14,8,2,3,2,1,2,2
42,557,1,18,4,1,1998,35,2,6,6,1,17,9,3,2,4,3,1,2
53,868,2,8,3,2,897,73,4,7,5,0,14,28,3,3,2,0,2,2
40,1395,1,26,3,3,202,54,2,6,1,0,11,20,2,3,20,7,2,13
35,1229,1,8,1,1,63,36,1,2,1,0,19,1,2,3,1,0,0,1
27,1055,1,2,4,1,1027,47,2,4,0,0,18,4,2,3,3,2,2,2
32,1316,1,2,2,1,1235,38,2,6,4,1,14,10,2,3,8,7,0,7
46,991,0,1,2,1,1314,44,1,1,6,0,12,10,3,4,7,6,5,7
36,541,2,3,4,3,481,48,3,7,4,0,11,16,2,3,13,9,1,12
41,1206,2,23,2,1,1678,80,3,7,3,1,16,21,2,3,2,0,0,2
34,479,1,7,4,3,1577,35,1,6,1,0,13,1,4,1,1,0,0,0
39,116,1,24,1,1,2014,52,2,6,7,0,13,18,2,3,7,7,1,7
30,201,1,5,3,5,197,84,1,6,5,0,14,8,3,3,3,2,2,2
24,823,1,17,2,4,643,94,1,2,1,0,21,1,2,3,1,0,0,0
22,1136,1,5,3,1,284,60,1,6,1,1,16,4,2,2,4,2,2,2
29,574,1,20,1,3,1852,40,1,2,1,0,13,11,3,4,11,8,3,10
40,1308,1,14,3,3,1128,44,5,5,1,0,14,21,2,4,20,7,4,9
28,1476,1,1,3,1,1315,55,2,2,0,0,11,10,6,3,9,8,7,5
33,1303,1,7,2,1,1970,36,2,0,1,0,20,9,2,3,9,7,2,8
34,937,2,1,3,2,1950,32,3,7,1,0,21,14,3,2,14,8,2,1
44,111,1,17,3,1,1206,74,1,6,2,0,13,6,3,3,0,0,0,0
49,636,1,10,4,1,396,35,5,5,9,1,11,22,4,3,3,2,1,2
29,991,2,5,3,3,1669,43,2,7,1,1,13,10,3,2,10,0,0,9
32,499,2,2,1,2,1396,36,2,7,0,1,13,4,3,2,3,2,1,2
36,217,1,18,4,1,1133,78,2,4,2,0,20,18,0,3,11,9,0,9
26,1357,1,25,3,1,55,48,1,2,1,0,12,1,2,2,1,0,0,1
31,480,1,7,2,3,524,31,2,4,1,0,12,13,5,1,13,10,3,12
41,465,1,14,3,1,227,56,1,6,4,0,12,13,2,3,9,8,1,8
39,895,2,5,3,5,42,56,2,8,3,0,14,19,6,4,1,0,0,0
38,594,1,2,2,3,1760,75,1,2,4,0,14,9,4,2,6,1,0,5
48,1108,1,15,4,4,1576,65,1,6,8,0,12,10,3,2,8,2,7,6
29,1107,1,28,4,1,1120,93,1,6,4,0,22,11,1,3,7,5,1,7
35,208,1,8,4,1,1630,52,2,0,1,0,12,15,5,3,14,11,2,9
50,691,1,2,3,3,815,64,4,5,5,0,16,30,3,3,4,3,0,3
34,546,1,10,3,1,934,83,1,2,1,0,14,1,3,3,1,0,1,0
36,922,1,3,2,1,155,39,1,2,5,0,22,7,2,3,1,0,0,0
49,470,1,20,4,3,170,96,2,4,1,0,14,16,2,2,15,11,5,11
27,269,1,5,1,5,844,42,3,5,1,1,16,9,3,3,9,8,0,8
55,282,1,2,2,3,1336,58,5,3,4,0,14,23,5,3,19,9,9,11
31,444,2,5,3,2,399,84,1,8,1,0,11,2,5,2,2,2,2,2
27,1115,1,3,4,3,700,54,1,6,0,0,13,5,0,3,4,2,1,1
52,771,2,2,4,1,329,79,5,3,1,1,18,33,2,4,33,7,15,12
25,180,1,2,1,3,854,65,1,6,7,0,13,6,3,2,4,3,0,1
28,821,2,5,4,3,916,98,2,7,1,0,14,4,3,3,4,2,0,2
43,957,1,28,3,3,171,72,1,6,4,0,12,18,2,3,3,2,1,2
18,247,1,8,1,3,1156,80,1,2,1,0,12,0,0,3,0,0,0,0
41,1085,1,2,4,1,927,57,1,2,4,1,13,10,1,2,7,7,1,0
35,303,2,27,3,1,1797,84,2,7,1,1,18,10,2,3,10,7,7,7
40,1322,1,2,4,1,2048,52,1,6,2,0,14,8,2,3,2,2,2,2
42,188,1,29,3,3,1148,56,2,2,4,0,19,16,3,3,1,0,0,0
48,1236,1,1,4,1,664,40,4,3,7,0,11,21,3,1,3,2,0,2
32,827,1,1,1,1,134,71,1,6,1,0,13,1,2,3,1,0,0,0
18,1306,2,5,3,2,614,69,1,8,1,1,14,0,3,3,0,0,0,0
47,955,2,4,2,1,1003,83,2,7,1,1,17,9,0,3,9,0,0,7
41,896,2,6,3,1,298,75,3,3,3,1,18,16,3,3,1,0,0,0
34,1303,1,2,4,1,579,62,1,6,3,0,12,14,3,3,7,3,5,7
38,888,0,10,4,0,1563,71,2,1,3,0,11,10,2,3,6,3,1,2
40,884,1,15,3,1,1628,80,3,4,1,0,13,18,2,3,18,15,14,12
32,371,2,19,3,1,1739,80,3,7,3,0,13,10,2,1,4,3,0,2
29,806,1,1,4,1,710,76,1,6,1,0,18,10,5,3,10,7,2,8
27,443,1,3,3,3,850,50,1,6,1,0,11,0,6,2,0,0,0,0
50,1452,1,11,3,1,226,53,5,3,3,0,15,21,5,3,5,4,4,4
44,200,1,29,4,4,1225,32,2,6,1,0,25,20,3,3,20,11,13,17
34,1375,2,10,3,1,1774,87,2,7,1,1,14,15,3,3,15,14,0,7
28,1476,1,16,2,3,412,68,2,0,0,0,19,9,2,3,8,3,0,7
41,247,1,7,1,1,1035,55,5,5,1,0,22,21,3,3,21,16,5,10
41,1356,2,20,2,2,248,70,1,8,1,1,22,4,5,2,4,3,0,2
29,718,1,8,1,3,1150,79,2,4,1,1,15,10,2,2,10,7,1,2
50,1421,1,2,3,3,1215,30,4,3,2,0,22,32,3,3,2,2,2,2
50,804,1,9,3,1,1030,64,1,2,4,0,18,8,5,3,1,0,0,0
40,543,1,1,4,1,2012,83,1,2,8,0,19,8,3,2,1,0,0,0
36,660,1,15,3,4,1052,81,2,2,7,0,14,9,3,2,1,0,0,0
53,1084,1,13,2,3,250,57,2,4,1,0,11,5,3,3,4,2,1,3
36,1425,1,14,1,1,924,68,2,0,0,1,17,17,2,2,16,8,4,11
32,634,1,5,4,4,1607,35,1,6,3,0,17,6,3,3,3,2,0,2
34,303,2,2,4,2,216,75,1,8,6,0,18,6,3,3,4,3,1,2
27,1134,1,16,4,5,1001,37,1,2,9,0,14,4,2,3,2,2,2,2
49,1418,1,1,3,5,887,36,1,6,2,0,16,7,2,3,4,2,0,2
30,641,2,25,2,5,475,85,2,7,7,1,12,4,2,4,2,2,2,2
30,852,2,10,3,2,1179,72,2,7,1,0,18,10,3,3,10,3,1,4
20,1097,1,11,3,3,1016,98,1,6,1,1,15,1,2,3,1,0,0,0
50,1126,1,1,2,3,997,66,4,5,9,0,22,32,1,2,5,4,1,3
27,1302,1,19,3,4,1619,67,1,2,1,0,11,7,3,3,7,7,0,7
43,244,0,2,3,1,1778,97,1,1,0,0,13,10,5,3,9,7,1,8
56,310,1,7,2,5,2032,72,1,2,8,0,11,14,4,1,10,9,9,8
31,154,2,7,4,1,941,41,1,8,3,0,15,13,2,4,7,7,5,2
29,1329,1,7,3,1,1260,82,2,0,1,1,11,6,2,3,6,0,1,0
32,379,2,5,2,1,889,48,2,7,1,0,14,10,3,3,10,8,5,3
28,467,2,7,3,1,1507,55,2,7,0,0,14,5,5,3,4,2,1,3
28,736,2,26,3,1,1387,48,2,7,1,0,11,5,0,3,5,3,0,4
32,238,1,5,2,1,1939,47,1,6,3,1,14,8,2,3,4,1,0,3
41,857,1,10,3,1,199,91,4,3,4,0,13,21,2,2,7,6,7,7
34,234,1,9,4,1,1807,93,2,2,4,0,17,11,3,2,7,1,0,7
54,1082,2,2,4,1,1070,41,3,7,6,0,11,13,4,3,9,4,7,0
59,1420,0,2,4,0,140,32,5,3,9,0,21,30,3,3,3,2,2,2
29,738,1,9,5,4,455,30,1,2,0,0,17,4,2,3,3,2,2,2
30,600,0,8,3,0,1747,66,1,1,6,0,11,6,0,2,4,2,1,2
24,813,1,1,3,3,45,61,1,6,2,1,16,6,2,2,2,0,2,0
50,333,1,22,5,3,1539,88,4,5,1,1,13,32,2,3,32,6,13,9
25,675,1,5,2,1,369,85,2,0,1,0,12,6,2,3,6,3,1,5
41,840,1,9,3,3,999,64,5,5,2,0,17,21,2,4,18,16,0,11
29,442,2,2,2,1,388,44,2,7,1,0,18,10,3,2,10,7,0,9
33,654,1,5,3,1,1099,34,3,0,4,0,15,9,2,3,3,2,1,2
35,619,2,1,3,2,600,85,2,7,9,0,11,15,2,3,11,9,6,9
35,1490,1,11,4,3,2003,43,1,2,7,1,11,5,3,3,2,2,2,2
49,465,1,6,1,1,1661,41,4,0,2,1,19,30,3,3,15,11,2,12
46,566,1,7,2,3,1007,75,3,4,6,0,13,13,3,3,8,7,0,7
25,883,2,26,1,3,781,32,2,7,1,0,23,6,5,2,6,5,1,4
34,653,1,10,4,5,1597,92,2,0,1,0,14,8,3,2,8,2,7,7
53,1395,1,24,4,3,1689,48,3,0,3,0,15,11,2,3,4,3,1,2
34,970,1,8,2,3,757,96,2,0,3,0,11,10,2,3,5,1,4,3
43,415,2,25,3,3,1076,79,3,7,5,0,13,18,5,3,1,0,0,0
27,1420,2,2,1,2,667,85,1,8,0,0,11,5,3,3,4,3,0,2
34,304,2,2,3,4,786,60,2,7,1,0,22,6,5,3,6,5,1,4
25,977,1,2,1,4,1992,57,1,2,6,1,19,7,2,2,2,2,0,2
45,1199,1,7,4,1,341,77,2,4,4,0,17,9,1,3,3,2,0,2
45,589,2,2,4,1,1845,67,2,7,4,0,22,10,3,4,8,7,5,7
23,1320,1,8,1,3,1684,93,1,2,1,1,11,5,2,3,5,4,1,2
31,1060,2,1,3,1,1331,54,1,8,1,1,11,3,2,4,3,2,2,2
32,976,2,26,4,2,333,100,2,7,0,0,18,4,2,3,3,2,2,2
46,430,1,1,4,3,1069,40,5,5,9,0,17,23,0,3,2,2,2,2
38,437,2,16,3,1,1583,90,2,7,2,0,12,8,5,4,3,2,1,2
35,104,1,2,3,1,1569,69,1,2,1,1,12,1,2,3,1,0,0,0
21,251,1,10,2,1,1279,45,1,2,1,0,20,2,2,1,2,2,2,2
52,890,1,25,4,3,867,81,4,4,3,0,22,31,3,3,9,8,0,0
52,994,1,7,4,1,1118,87,3,0,7,0,19,18,4,3,8,6,4,0
31,1398,0,8,2,3,1461,96,1,1,9,0,18,8,3,3,3,2,0,2
32,427,1,1,3,3,78,33,2,4,1,1,22,9,3,3,9,8,7,8
45,306,2,26,4,1,684,100,2,7,2,0,14,5,4,3,1,1,0,0
30,1012,1,5,4,1,861,75,1,6,9,0,12,10,3,2,5,4,0,3
33,587,1,10,1,3,584,38,1,2,7,0,13,8,2,3,4,3,1,3
43,920,1,3,3,1,1255,96,5,5,3,0,14,25,2,3,8,7,0,7
38,148,1,2,3,3,1675,42,1,2,1,0,22,4,3,3,4,3,3,3
45,1385,1,20,2,3,372,79,4,0,0,1,14,21,2,3,20,7,4,10
34,658,1,7,3,1,147,66,2,2,1,1,24,9,3,3,9,7,0,6
36,1456,2,13,5,2,1733,96,2,7,5,1,13,16,3,3,2,2,2,2
34,1400,2,9,1,1,1163,70,2,7,1,0,20,6,3,2,6,5,1,3
37,921,1,10,3,3,486,98,1,2,6,0,20,17,3,3,5,4,0,3
46,734,1,2,4,3,1789,46,5,5,7,1,17,24,3,3,2,1,2,2
37,1189,2,3,3,1,152,87,3,7,2,0,12,12,3,3,5,3,1,3
34,1333,2,10,4,1,1055,87,1,8,1,1,19,1,2,3,1,1,0,0
25,891,2,4,2,1,527,99,2,7,1,1,11,5,3,3,5,4,1,3
46,526,2,1,2,2,244,92,3,7,1,0,25,24,2,3,24,13,15,7
53,607,1,2,5,5,1572,78,3,4,0,0,16,34,4,3,33,7,1,9
29,352,0,6,1,3,1865,87,1,1,1,0,11,1,3,3,1,0,0,0
23,541,2,2,1,5,113,62,1,8,3,0,13,3,3,3,0,0,0,0
37,1278,2,1,4,3,1700,31,2,7,1,0,14,6,2,2,6,3,1,3
36,530,2,2,4,1,1710,51,2,8,3,0,15,17,2,2,13,7,6,7
55,452,1,1,3,3,374,81,5,3,0,1,14,37,2,3,36,10,4,13
39,141,0,3,3,0,760,44,2,1,9,0,15,12,3,1,8,3,3,6
28,1434,1,5,4,5,65,50,1,2,1,1,13,2,3,2,2,2,2,2
40,1492,1,20,4,5,1092,61,3,0,4,0,20,14,6,3,11,10,11,1
55,1091,1,2,1,1,1096,65,3,4,3,0,18,23,4,3,3,2,1,2
50,989,1,7,2,3,80,43,5,5,5,1,12,29,2,2,27,3,13,8
50,959,2,1,4,4,1113,81,2,7,3,1,14,5,4,3,0,0,0,0
32,604,2,8,3,3,1304,56,2,7,1,0,15,10,4,4,10,7,0,8
38,130,2,2,2,2,1125,32,3,7,7,0,16,10,2,3,1,0,0,0
36,607,2,7,3,2,1362,83,2,7,2,0,16,17,2,2,15,7,6,13
29,136,1,1,3,1,1954,89,2,0,0,0,12,6,5,2,5,3,0,2
42,458,1,26,5,3,1242,60,3,5,3,1,17,20,6,3,1,0,0,0
25,1219,1,4,1,5,1106,32,1,2,1,1,15,7,3,4,7,7,5,6
26,1349,1,23,3,1,560,90,1,6,1,0,22,3,3,1,3,2,0,2
35,200,1,18,2,1,1412,60,3,4,2,0,11,10,2,3,2,2,2,2
42,933,1,29,3,1,836,98,2,4,1,0,13,10,3,2,9,8,7,8
43,990,1,27,3,5,1599,87,1,2,5,0,12,8,0,3,6,4,0,2
22,217,1,8,1,1,1019,94,1,2,1,0,15,4,3,2,4,3,1,1
31,828,2,2,1,1,604,77,2,7,4,1,13,10,2,4,6,5,0,5
54,928,1,20,4,1,450,31,2,6,3,0,12,20,4,2,4,3,0,3
43,1291,1,15,2,1,1666,65,4,5,1,0,24,14,3,3,14,10,6,11
44,920,1,24,3,1,392,43,1,2,3,1,22,19,0,1,1,0,0,0
21,984,1,1,1,5,1131,70,1,6,1,1,11,2,6,4,2,2,2,2
38,1206,1,9,2,1,1940,71,1,6,2,0,19,10,0,4,5,2,0,3
45,1234,2,11,2,1,1045,90,4,3,3,0,13,26,4,4,9,3,1,1
25,688,1,3,3,3,538,91,1,2,5,0,13,6,5,3,2,2,0,2
30,1358,2,16,1,1,1479,96,2,7,8,0,15,4,2,2,2,1,2,2
35,1276,1,16,3,1,586,72,3,0,4,1,12,10,2,3,8,7,0,0
31,1222,1,11,4,1,895,48,1,6,3,1,19,8,2,3,6,4,0,2
47,1176,0,26,4,1,1625,98,5,3,3,0,11,27,2,3,5,2,1,0
34,829,1,15,3,3,1485,71,4,5,7,0,14,16,3,2,14,8,6,9
29,1496,1,1,1,5,208,41,2,4,1,0,13,10,1,3,10,7,0,9
32,1093,2,6,4,3,125,87,2,7,1,0,16,12,0,3,11,8,5,7
34,296,2,6,2,2,555,33,1,8,0,0,16,3,3,2,2,2,1,0
31,218,2,7,3,5,416,100,2,7,4,0,11,10,3,2,8,7,7,7
53,661,1,1,4,3,1775,60,4,4,4,1,20,27,2,2,3,2,0,2
45,954,2,2,2,5,783,46,2,8,0,0,13,9,3,3,8,7,3,1
40,1137,1,1,4,1,1892,98,4,3,2,0,11,22,3,3,19,7,11,16
45,930,2,9,3,2,864,74,3,7,4,1,12,18,2,3,5,4,0,2
37,504,1,10,3,3,342,61,3,4,6,0,11,17,5,3,1,0,0,0
40,299,2,25,4,2,1318,57,3,7,2,1,12,9,2,3,5,4,1,0
44,1193,1,2,1,3,1496,86,3,4,5,1,18,16,2,2,2,2,2,2
46,849,2,26,2,1,1801,98,2,7,8,0,15,6,3,3,2,2,2,2
32,1311,1,7,3,1,359,100,1,2,1,0,20,5,3,1,5,1,0,3
20,805,1,3,3,1,1198,87,1,2,1,0,12,2,2,2,2,2,1,2
45,1195,1,2,2,3,264,65,4,3,9,0,23,22,1,3,20,8,11,8
31,202,1,8,3,1,1433,34,1,6,1,0,12,1,3,4,1,0,0,0
58,286,1,2,4,1,825,31,5,5,7,1,12,40,2,3,31,15,13,8
35,670,1,10,4,3,1587,51,2,0,3,1,16,10,4,3,5,2,0,4
42,269,1,2,3,3,351,56,1,2,0,1,11,10,4,3,9,6,7,8
44,383,2,1,5,2,1481,79,2,7,7,0,12,11,4,2,1,0,0,0
38,1404,2,1,3,1,1961,59,1,8,4,0,14,20,3,2,1,0,0,0
37,161,1,10,3,1,2017,42,3,5,1,1,25,16,2,3,16,11,6,8
51,1318,2,26,4,2,851,66,4,3,2,0,14,29,2,2,20,6,4,17
46,644,1,1,4,3,288,97,3,0,7,0,16,17,3,3,4,2,0,3
37,1239,0,8,2,4,1794,89,2,1,2,0,13,19,4,2,10,0,4,7
45,1329,1,2,2,4,1635,59,2,4,1,0,19,10,3,3,10,7,3,9
38,322,2,7,2,3,382,44,2,7,1,1,24,8,3,3,8,0,7,7
43,1422,2,2,4,1,1849,92,2,7,1,0,20,7,5,3,7,7,7,7
50,316,2,8,4,2,738,54,1,8,7,0,15,4,2,3,2,2,2,2
31,853,1,1,1,1,1011,96,2,4,1,0,12,4,1,3,4,3,0,3
47,543,2,2,4,2,1731,87,2,7,7,0,11,4,3,1,1,0,0,0
26,1355,0,25,1,1,177,61,1,1,1,0,23,8,3,3,8,7,5,7
48,1224,1,10,3,1,1867,91,5,5,4,0,12,29,3,3,22,10,12,9
31,1154,2,2,2,1,1996,54,1,8,0,0,19,3,1,3,2,2,1,2
45,1297,1,1,4,3,1922,44,2,0,4,0,12,12,3,3,4,2,0,3
46,1402,2,2,3,2,1204,69,4,3,8,0,23,28,2,3,26,15,15,9
34,1480,2,4,3,1,1882,64,3,7,2,1,13,9,3,3,5,3,1,0
26,390,1,17,4,3,1718,62,1,2,1,0,15,3,3,4,3,2,0,2
39,592,1,2,3,1,1458,54,1,2,2,1,23,11,2,4,1,0,0,0
40,896,1,2,3,3,1474,68,1,6,2,0,14,8,3,4,3,1,1,2
33,775,1,4,3,5,1771,90,2,6,5,0,15,11,2,2,9,8,1,7
37,1439,1,4,1,1,1394,54,1,6,7,1,15,8,2,3,6,4,1,3
45,1249,1,7,3,1,425,97,3,2,1,0,18,24,2,3,24,9,9,11
49,271,1,3,2,3,1509,43,2,2,4,0,25,10,3,3,3,2,1,2
25,685,1,1,3,1,350,62,2,4,0,0,12,5,3,3,4,2,1,2
56,832,1,9,3,3,762,81,4,0,7,0,11,30,1,2,10,7,1,1
36,913,1,9,2,3,699,48,2,4,2,1,11,13,2,3,3,2,0,2
46,945,0,5,2,3,103,80,2,1,8,1,22,16,2,3,4,2,0,2
44,602,0,1,5,0,1642,37,2,1,4,1,11,14,3,3,10,7,0,2
31,746,1,8,4,1,98,61,2,4,1,0,23,11,2,3,11,7,1,8
52,1323,1,2,3,1,316,89,1,2,7,0,15,6,3,2,2,2,2,2
44,170,1,1,4,1,1903,78,2,0,2,0,15,10,5,3,2,0,2,2
35,219,1,16,2,4,1886,44,2,4,0,1,11,4,2,3,3,2,0,2
34,1031,1,6,4,1,151,45,2,6,6,0,15,12,3,3,1,0,0,0
38,119,2,3,3,1,307,76,3,7,0,0,12,17,6,2,16,10,5,13
43,394,2,26,2,1,158,92,4,3,1,1,12,25,3,4,25,12,4,12
27,1220,1,5,3,1,434,85,1,6,1,1,12,4,2,2,4,3,1,2
32,117,2,13,4,1,859,73,2,7,2,0,11,8,3,2,5,2,0,3
24,381,1,9,3,3,1494,89,1,2,2,1,11,4,2,2,0,0,0,0
42,419,2,12,4,2,1943,77,2,7,3,1,12,14,4,3,0,0,0,0
44,1099,2,5,3,2,1267,88,5,3,7,0,11,26,5,3,22,9,3,10
45,805,1,4,2,1,972,57,2,2,1,0,12,9,5,2,9,7,0,8
40,720,1,16,4,3,832,51,2,2,6,0,14,10,6,3,1,0,0,0
29,992,1,1,3,5,300,85,1,6,0,0,14,7,1,2,6,2,1,5
21,1343,2,22,1,5,669,49,1,8,1,0,11,3,2,3,3,2,1,2
34,1153,1,1,2,3,110,94,2,4,1,0,15,5,2,3,5,2,1,3
32,1125,1,16,1,1,33,72,1,6,1,1,22,10,5,3,10,2,6,7
43,422,1,1,3,1,902,33,2,0,4,0,13,12,2,2,5,2,2,2
36,164,2,2,2,3,513,61,3,7,1,0,13,10,2,3,10,9,9,0
51,1469,1,8,4,1,296,81,3,5,5,0,16,16,5,1,10,9,4,7
36,1278,0,8,3,1,878,77,1,1,0,0,21,6,3,3,5,4,0,3
38,1495,1,10,3,3,634,76,2,0,3,0,19,18,4,3,1,0,0,0
38,903,1,2,3,3,1573,81,2,4,4,0,11,7,2,3,5,2,1,4
35,672,1,25,3,5,899,78,3,4,3,0,16,16,2,3,13,10,4,8
39,117,1,10,1,3,429,99,4,3,1,1,14,21,3,3,21,9,11,10
26,1066,1,2,2,3,1018,32,2,4,1,0,12,8,2,3,8,7,1,3
21,391,1,15,2,1,30,96,1,6,1,0,14,0,6,3,0,0,0,0
49,1002,1,18,4,1,275,92,2,4,1,1,15,7,0,3,7,7,1,7
36,1467,2,11,2,5,154,92,3,7,0,0,14,10,6,3,9,7,2,8
29,726,1,29,1,1,1859,93,2,0,8,0,17,11,3,3,7,0,1,6
19,265,1,25,3,1,1269,57,1,6,1,1,12,1,2,3,1,0,0,1
33,1146,2,25,3,3,1220,82,2,7,1,0,12,10,3,2,10,7,0,1
47,359,1,2,4,3,1443,82,4,5,3,0,19,26,2,4,20,17,5,6
55,478,1,2,3,3,1770,60,5,5,8,0,12,34,2,3,1,0,0,0
32,964,2,1,2,1,1734,34,2,7,6,0,15,10,2,3,0,0,0,0
37,1192,1,5,2,3,460,61,2,4,7,0,16,8,2,2,6,2,0,4
29,1404,2,20,3,5,974,84,1,8,1,0,15,3,5,3,3,1,0,2
25,810,2,8,3,1,707,57,2,7,0,0,22,4,4,3,3,2,1,2
29,657,1,27,3,3,793,66,2,0,4,0,12,11,3,2,8,7,1,1
54,971,1,1,3,3,1422,54,4,5,6,0,19,29,3,2,20,7,12,7
38,1380,1,9,2,1,245,75,1,2,1,0,12,2,3,3,2,2,2,1
26,841,1,6,3,4,164,46,1,6,1,0,19,5,3,2,5,4,4,3
24,535,2,24,3,3,632,38,1,8,0,0,13,3,3,3,2,2,2,1
51,313,1,3,3,3,258,98,4,0,3,0,18,21,6,3,7,7,1,0
26,1330,1,21,3,3,1107,37,1,2,1,0,20,1,0,2,1,1,0,0
42,926,1,21,2,3,270,36,2,4,2,0,16,11,5,3,5,3,0,2
55,135,1,18,4,3,1034,62,2,0,3,1,14,17,3,3,8,7,6,7
47,983,1,2,2,3,574,65,2,4,5,0,13,20,2,3,5,0,0,4
41,796,2,4,1,2,1815,81,3,7,0,1,13,23,3,4,22,14,13,5
34,702,1,16,4,1,838,100,1,6,1,0,16,6,3,3,5,2,1,3
38,827,1,1,4,1,724,33,2,0,0,0,13,10,4,2,9,7,1,8
28,1485,1,12,1,1,1175,79,1,2,1,1,11,1,4,2,1,1,0,0
55,444,1,2,1,3,1074,40,4,3,7,0,15,31,3,4,9,7,6,2
56,718,1,4,4,5,1191,92,5,3,4,0,13,28,2,3,5,2,4,2
46,1034,1,18,1,3,624,86,3,0,5,0,11,28,3,2,2,2,1,2
30,464,1,4,3,5,514,40,1,6,9,1,23,3,4,3,1,0,0,0
31,1276,1,2,1,3,1974,59,1,2,1,1,11,1,4,3,1,0,0,0
47,666,1,29,4,1,376,88,3,3,1,1,12,10,2,2,10,7,9,9
36,566,1,18,4,1,407,81,1,2,4,0,18,4,2,3,1,0,0,0
35,880,2,12,4,4,1667,36,2,7,3,1,24,13,2,4,11,9,6,7
42,691,2,8,4,2,35,48,2,7,0,0,11,10,2,3,9,7,4,2
19,419,2,21,3,4,959,37,1,8,1,1,13,1,3,4,1,0,0,0
25,309,0,2,3,0,1987,82,1,1,4,0,14,6,3,3,2,0,1,2
39,439,1,9,3,1,1132,70,2,2,9,0,15,9,2,2,5,4,0,3
47,1482,1,5,5,1,447,42,5,5,4,0,11,21,2,3,3,2,1,1
58,1216,1,15,4,1,1837,87,4,5,2,1,14,23,3,3,2,2,2,2
23,885,1,4,3,3,705,58,1,6,2,0,16,5,3,4,3,2,0,2
29,896,1,18,1,3,315,86,1,6,1,1,13,4,3,2,4,3,0,1
28,791,1,1,4,3,1286,44,1,2,0,1,11,5,2,2,4,2,0,2
49,174,2,8,4,5,1138,56,4,7,6,0,17,22,3,3,9,8,2,3
44,1459,1,10,4,4,40,41,2,0,2,1,13,9,5,4,4,2,1,3
29,942,1,15,1,1,1202,69,1,6,0,1,18,6,2,2,5,4,1,3
54,157,1,10,3,3,1980,77,2,4,6,1,19,9,3,3,5,2,1,4
59,818,0,6,2,3,321,52,1,1,8,0,17,7,2,2,2,2,2,2
41,427,0,10,4,0,731,73,5,3,3,0,15,23,2,2,21,6,12,6
27,210,2,1,1,2,449,73,2,7,0,1,13,6,0,3,5,4,1,4
28,890,1,2,4,3,828,46,1,6,6,0,17,5,3,2,2,2,2,1
35,1029,1,16,3,1,1529,91,3,0,1,0,19,11,3,1,11,8,3,3
46,1450,1,15,2,1,1217,52,5,5,5,0,11,25,2,3,4,2,0,3
44,1488,2,1,5,2,68,75,2,7,5,1,21,9,2,2,4,3,1,3
26,575,1,1,2,1,792,71,1,2,3,0,14,5,2,3,2,2,2,0
39,672,1,7,2,3,444,54,5,3,1,0,15,21,2,3,21,9,13,3
19,303,1,2,3,1,243,47,1,2,1,0,22,1,3,2,1,0,1,0
20,959,1,1,3,1,657,83,1,6,1,0,13,1,0,4,1,0,0,0
47,207,1,9,4,1,1856,64,1,2,4,0,12,7,2,3,2,2,2,0
24,240,0,22,1,0,1714,58,1,1,1,0,11,1,2,3,1,0,0,0
31,798,1,7,2,1,442,48,3,4,1,0,24,10,2,3,10,9,8,9
38,1391,1,10,1,3,1006,66,1,6,0,0,17,3,0,2,2,1,0,2
38,1394,1,8,3,3,1937,58,2,6,1,1,16,20,3,3,20,11,0,7
27,205,2,10,3,2,1403,98,2,7,1,1,11,6,3,3,6,2,4,4
26,775,2,29,2,3,618,45,2,7,5,0,12,8,5,3,0,0,0,0
36,318,1,9,3,3,90,79,1,6,0,1,17,2,0,2,1,0,0,0
55,1441,1,22,3,5,1694,94,1,6,5,0,12,8,1,3,4,2,1,2
35,662,2,1,5,2,204,94,3,7,1,0,13,10,3,3,10,8,0,6
28,193,1,2,3,1,1296,52,1,2,1,1,12,2,2,3,2,2,2,2
38,471,1,12,3,1,837,45,2,0,2,0,15,13,3,2,4,3,1,2
25,1382,2,8,2,4,2018,85,2,7,0,1,22,6,3,2,5,3,0,4
35,1097,1,11,2,3,70,79,3,0,2,1,13,10,3,3,4,0,2,3
29,694,1,1,3,1,1264,87,4,5,3,0,14,9,2,2,7,7,1,7
31,1327,1,3,4,3,337,73,3,5,9,0,12,9,3,3,2,2,2,2
27,135,1,17,4,1,1405,51,1,6,1,1,13,8,2,3,8,2,7,7
36,917,1,6,4,1,1221,60,1,2,1,0,14,7,4,3,7,7,1,7
54,1050,1,11,4,3,1520,87,4,3,3,0,20,26,2,3,14,9,1,12
32,1033,1,9,3,3,190,41,1,2,7,0,22,10,2,4,5,4,0,4
43,1001,1,7,3,1,451,43,3,0,8,0,16,10,1,2,1,0,0,0
38,1321,2,1,4,1,1995,86,2,7,0,0,15,16,3,3,15,13,5,8
46,563,2,1,4,1,1602,56,4,3,1,0,15,27,5,1,26,0,0,12
35,1315,1,22,3,1,381,71,3,3,7,0,18,10,6,2,7,7,6,2
48,492,2,16,4,1,1557,96,2,7,8,0,14,18,2,3,8,7,7,7
28,103,1,24,3,1,19,50,1,2,5,1,14,6,4,3,4,2,0,3
38,1245,2,14,3,1,1582,80,2,7,0,0,11,10,3,3,9,8,7,7
35,1142,1,23,4,3,75,30,1,2,3,1,15,4,3,3,2,2,2,2
24,1476,2,4,1,3,1445,42,2,7,1,1,12,5,3,3,5,4,0,3
48,1469,1,20,4,3,945,51,1,6,4,0,17,13,2,2,0,0,0,0
31,326,2,8,2,1,1453,31,3,7,1,0,18,13,5,3,13,7,9,9
32,1109,1,29,4,3,1046,69,1,2,9,0,12,10,2,3,8,7,7,7
47,1162,1,1,1,3,2000,98,3,5,0,0,18,14,3,1,13,8,5,12
33,117,1,9,3,3,1238,60,1,6,0,0,13,15,5,3,14,10,4,10
52,1325,1,11,4,1,813,82,2,2,8,0,20,9,3,3,5,2,1,4
31,359,0,18,5,0,1842,89,1,1,0,0,17,2,4,3,1,0,0,0
35,130,1,25,4,1,881,96,1,6,1,1,19,10,3,2,10,2,7,8
46,717,1,13,4,1,1727,34,2,0,6,0,14,19,3,3,10,7,0,9
34,1397,1,1,5,1,683,42,1,6,1,0,12,10,4,2,10,9,8,8
43,1273,1,2,2,3,46,72,1,6,1,0,12,6,3,2,5,3,1,4
31,534,1,20,3,1,587,66,3,0,3,0,12,12,2,3,1,0,0,0
49,1184,2,11,3,2,840,43,3,7,1,0,18,9,3,4,9,8,7,7
32,1401,2,4,2,1,330,56,1,8,2,0,11,6,5,3,4,3,1,2
31,1232,1,7,4,3,462,39,3,4,1,1,14,11,2,2,11,9,4,10
39,722,2,24,1,2,2056,60,4,7,0,0,11,21,2,2,20,9,9,6
23,427,2,7,3,1,1702,99,1,8,1,1,21,3,2,3,3,2,0,2
25,583,2,4,1,2,885,87,2,7,1,0,12,5,1,4,5,2,0,3
32,953,1,5,4,5,1764,65,1,6,2,0,14,12,3,3,7,7,0,7
34,1346,1,19,2,3,18,93,1,2,0,0,11,3,2,3,2,2,1,2
31,1003,2,5,3,5,1749,51,2,7,1,0,19,6,3,3,5,2,0,2
32,646,1,9,4,1,679,92,2,6,1,1,12,6,2,2,6,4,0,5
41,1018,2,1,3,2,1349,66,2,7,0,0,17,10,2,3,9,3,1,7
42,1332,1,2,4,4,477,98,2,0,3,0,23,14,6,3,1,0,0,0
40,759,2,2,2,2,516,46,2,7,7,0,12,8,5,3,5,4,1,3
38,1333,1,1,3,5,950,80,3,5,1,0,13,15,3,3,15,12,5,11
32,1089,1,7,2,1,1309,79,2,2,1,0,18,10,3,3,10,4,1,1
31,741,1,2,4,1,1721,69,1,2,1,0,14,6,2,4,5,2,0,3
20,727,2,9,1,1,1680,54,1,8,1,0,11,2,3,3,2,2,0,2
22,1368,1,4,1,5,593,99,1,2,5,0,16,4,3,3,2,2,1,2
34,971,2,1,3,5,1535,64,3,7,1,1,14,10,3,3,10,9,8,6
41,143,2,4,3,2,488,56,2,7,1,0,18,8,5,3,8,7,7,7
52,258,1,8,4,4,1409,54,1,2,9,0,13,12,2,1,5,4,0,4
32,529,1,2,3,5,2038,78,1,6,1,0,14,4,4,3,4,2,1,2
27,1354,1,2,4,5,1931,41,1,6,1,0,11,6,3,2,5,3,1,2
26,933,2,1,3,1,476,57,2,7,1,0,17,8,3,3,8,7,7,7
27,199,1,6,3,1,1162,55,1,6,1,0,13,4,0,3,4,2,2,2
45,974,1,1,4,3,996,91,1,2,3,0,14,8,2,3,5,3,0,2
40,1300,1,24,2,5,335,62,2,6,1,0,17,9,3,3,9,8,4,7
18,544,2,3,2,3,1624,70,1,8,1,1,12,0,2,4,0,0,0,0
24,1371,2,10,4,2,507,77,2,7,1,1,12,5,2,4,5,2,0,3
41,263,1,6,3,3,957,59,1,2,2,1,13,20,3,3,18,13,2,17
35,809,1,16,3,3,14,84,1,2,0,0,13,6,5,3,5,4,0,3
30,109,1,5,3,3,1017,60,1,2,0,0,17,4,3,3,3,2,1,2
33,832,1,5,4,1,338,63,1,6,1,0,13,2,2,2,2,2,0,2
40,218,1,8,1,3,1468,55,3,5,2,0,11,16,5,3,9,8,4,8
43,1082,1,27,3,1,1126,83,3,4,8,0,11,18,1,3,8,7,0,1
30,855,2,7,4,2,1428,73,2,7,7,0,14,8,3,3,3,2,0,2
34,697,1,3,4,1,1115,40,1,6,3,0,17,6,2,3,0,0,0,0
47,1454,2,2,4,1,925,65,1,8,1,1,18,3,3,2,3,2,1,2
42,495,1,2,1,1,1334,37,4,3,0,1,13,21,3,2,20,8,2,10
38,1009,2,2,2,1,1355,31,2,7,3,0,15,11,3,3,7,7,1,7
29,408,2,23,1,1,1165,45,3,7,1,0,13,11,3,1,11,8,3,10
27,1377,1,11,1,1,1434,91,1,2,0,0,14,6,3,4,5,0,1,4
34,669,1,1,3,3,1184,97,2,0,0,0,20,14,3,3,13,9,4,9
26,920,0,20,2,3,1818,69,1,1,0,1,11,6,3,3,5,1,1,4
43,589,1,14,2,1,843,94,4,5,6,0,24,22,3,3,4,1,1,0
40,1329,1,7,3,1,1649,73,1,2,3,1,14,10,3,1,4,2,0,3
30,448,2,12,4,1,648,74,1,8,1,0,18,1,2,4,1,0,0,0
27,1291,2,11,3,3,1364,98,1,8,8,0,14,5,4,3,1,0,0,0
27,1377,2,2,3,1,437,74,2,7,1,1,11,5,3,3,5,4,0,4
50,881,1,2,4,1,905,98,4,3,1,0,11,31,3,3,31,6,14,7
45,561,2,2,3,4,606,61,2,7,0,0,19,9,3,4,8,7,3,7
43,1473,1,8,4,4,526,74,2,0,4,1,14,8,3,3,5,2,0,2
40,1184,2,2,4,3,1212,62,2,7,5,0,12,5,2,3,0,0,0,0
28,783,2,1,2,1,1927,42,2,7,1,1,12,7,2,3,7,7,0,7
33,1141,2,1,3,1,52,42,2,7,2,0,19,10,3,3,5,3,1,3
35,890,2,2,3,2,49,97,1,8,1,0,13,2,3,3,2,2,2,2
39,835,1,19,4,4,1871,41,2,6,8,0,14,7,2,3,2,2,2,2
49,1098,1,4,2,3,1256,85,5,3,2,0,13,23,2,4,1,0,0,0
27,1337,0,22,3,0,1944,58,1,1,1,0,12,1,2,3,1,0,0,0
52,699,1,1,4,1,259,65,5,3,0,0,14,34,5,3,33,18,11,9
40,1479,2,24,3,1,986,100,4,7,4,1,16,22,2,2,1,0,0,0
43,823,1,6,3,3,1866,81,5,3,7,0,13,21,2,3,16,12,6,14
34,1440,2,7,2,5,1541,55,1,8,0,1,25,12,4,3,11,10,5,7
37,671,1,19,3,1,1631,85,2,4,3,0,17,9,2,2,4,3,0,2
41,1102,2,1,2,1,1,94,2,7,8,1,11,8,0,1,6,4,0,5
23,638,2,9,3,2,2023,33,1,8,1,0,19,1,3,2,1,0,1,0
30,1240,0,9,3,0,184,48,2,1,0,1,19,12,2,1,11,9,4,7
39,1253,1,10,1,3,1800,65,3,5,7,0,21,9,3,3,4,3,2,2
42,635,2,1,1,1,387,99,2,7,1,0,25,20,3,3,20,16,11,6
49,301,1,22,4,4,1655,72,4,5,3,0,16,27,2,3,4,2,1,2
40,555,1,2,3,3,521,78,2,2,6,0,22,20,3,3,1,0,0,0
29,1090,2,10,3,2,766,83,1,8,1,0,14,2,2,3,2,2,2,2
24,477,1,24,3,3,1173,49,1,2,8,0,22,6,2,3,4,3,1,2
32,824,1,5,2,1,1555,67,2,6,3,0,12,12,2,3,7,1,2,5
52,621,2,3,4,2,776,31,4,3,1,0,11,34,3,4,34,6,1,16
57,210,2,29,3,2,568,56,4,3,3,0,12,32,3,2,1,0,0,0
40,1124,2,1,2,3,453,57,2,7,2,1,22,6,2,2,4,3,0,2
42,932,1,1,2,1,827,43,2,4,9,1,13,8,4,3,4,3,0,2
28,654,1,1,2,1,741,67,1,6,7,1,13,10,4,3,7,7,3,7
29,410,1,2,1,1,1513,97,1,2,0,0,13,4,3,3,3,2,0,2
43,807,1,17,3,5,1767,38,1,6,9,1,16,6,4,3,1,0,0,0
52,319,1,3,3,3,543,39,3,4,2,1,14,28,4,3,5,4,0,4
40,1398,2,2,4,1,558,79,5,3,0,0,14,21,2,3,20,15,1,12
29,461,1,1,3,1,1753,70,2,0,8,1,12,10,5,4,3,2,0,2
22,253,1,11,3,3,511,43,1,6,1,0,13,2,1,3,2,1,1,2
40,750,1,12,3,1,1829,47,2,0,2,0,12,15,3,3,7,4,7,7
31,587,2,2,4,1,1324,57,3,7,1,1,19,10,5,2,10,8,9,6
31,667,2,1,4,1,1427,50,1,8,1,0,12,1,3,3,1,0,0,0
33,922,1,1,5,3,612,95,4,5,4,0,19,10,2,3,6,1,0,5
30,852,1,1,1,1,104,55,2,2,1,1,12,10,1,2,10,8,3,0
45,1052,2,6,3,3,302,57,3,7,6,0,12,23,2,3,19,7,12,8
34,401,1,1,3,1,1447,86,1,2,5,0,17,7,2,2,5,4,0,2
25,1372,2,18,1,1,1399,93,2,7,2,0,11,6,3,2,3,2,1,2
28,1300,1,17,2,3,536,79,2,2,1,0,12,10,2,3,10,0,1,8
58,848,1,23,4,1,1308,88,1,6,1,0,12,2,3,3,2,2,2,2
31,1079,2,10,2,3,1912,86,2,7,2,1,11,8,2,3,5,2,1,4
48,855,1,4,3,1,1363,54,3,4,1,0,11,11,2,3,10,9,0,8
51,432,1,9,4,1,116,96,1,2,3,0,23,10,4,3,4,2,0,3
36,429,1,2,4,1,1294,53,2,4,9,1,11,18,2,3,16,14,5,12
20,871,1,6,3,1,137,66,1,2,1,1,18,1,5,3,1,0,1,0
35,735,1,6,1,1,1291,66,1,6,0,1,14,4,3,3,3,2,2,2
27,618,1,4,3,1,933,76,1,6,1,0,19,1,2,3,1,1,0,0
37,783,1,7,4,3,1885,78,2,6,5,1,22,16,2,3,5,3,0,4
47,1169,1,14,4,5,1934,64,2,6,8,0,18,16,4,4,8,7,1,7
27,591,1,2,1,3,7,40,1,2,9,0,12,6,3,3,2,2,2,2
52,322,1,28,2,3,1401,59,4,4,2,1,11,24,3,2,5,3,0,2
25,949,1,1,3,5,1415,81,1,2,4,0,11,7,2,2,3,2,0,2
48,277,1,6,3,1,1022,97,2,0,2,0,13,19,0,3,2,2,2,2
27,591,1,2,3,3,1648,87,1,6,2,0,13,6,0,2,4,2,1,2
40,458,1,16,2,1,1340,74,1,6,9,0,16,6,0,3,4,2,0,0
33,1069,1,1,3,1,969,42,2,0,0,0,14,6,3,3,5,0,1,4
51,237,2,9,3,1,1282,83,5,3,4,1,24,31,5,2,29,10,11,10
37,1040,1,2,2,1,139,100,2,0,5,0,14,17,2,4,1,0,0,0
28,440,1,21,3,3,221,42,1,6,1,0,11,5,2,1,5,2,0,2
23,571,1,12,2,4,1982,78,1,2,1,0,13,5,6,4,5,2,1,4
34,419,1,7,4,1,28,53,3,5,0,0,11,13,4,3,12,6,2,11
42,201,1,1,4,1,517,95,1,2,3,0,16,8,5,3,5,2,1,2
46,228,2,3,3,1,1527,51,4,3,8,0,12,23,2,4,13,12,5,1
32,414,2,2,4,2,1862,82,2,7,7,1,12,7,3,2,2,2,2,2
40,692,1,11,3,5,1985,73,2,2,1,0,11,10,2,4,10,9,9,4
32,334,1,5,2,1,21,80,1,6,0,1,12,7,5,2,6,2,0,5
33,970,2,7,3,1,1114,30,2,7,0,0,17,4,3,3,3,2,0,2
58,682,2,10,4,3,131,37,4,7,0,0,13,38,1,2,37,10,1,8
35,660,2,7,1,1,1492,76,1,8,1,0,13,1,3,3,1,0,0,0
34,829,0,3,2,0,847,88,1,1,0,0,19,4,1,1,3,2,0,2
27,472,1,1,1,5,274,60,2,4,5,0,19,6,1,3,2,2,2,0
43,1372,2,9,3,2,1188,85,2,7,8,0,13,7,2,2,4,3,1,3
39,1329,2,4,4,1,182,47,2,7,4,0,14,17,1,4,15,11,5,9
29,1210,2,2,3,3,366,78,2,7,2,0,19,10,2,3,0,0,0,0
35,1343,1,27,1,3,856,53,1,6,1,0,11,6,3,2,6,5,1,1
46,1277,2,2,3,1,1732,74,3,7,4,1,12,13,5,2,10,6,0,3
22,391,1,7,1,1,1878,75,1,6,1,1,23,1,2,3,1,0,0,0
26,921,1,1,1,3,1068,66,1,6,1,0,13,5,5,3,5,3,1,3
43,177,1,8,3,1,920,55,2,4,4,0,21,4,2,4,1,0,0,0
50,939,1,24,3,1,1005,95,4,4,3,1,18,22,2,3,12,11,1,5
40,448,1,16,3,1,1641,84,3,4,6,1,15,18,2,2,4,2,3,3
45,1038,1,20,3,3,1460,95,3,0,2,1,18,24,2,3,7,7,0,7
34,135,1,19,3,3,1285,46,2,2,4,0,13,15,2,4,11,8,5,10
40,1469,1,9,4,3,964,35,1,6,8,1,14,3,2,3,1,1,0,0
55,189,0,26,4,0,1973,71,5,3,4,1,18,35,0,3,10,9,1,4
38,1035,2,3,4,1,1036,42,2,7,8,1,12,19,1,3,1,0,0,0
31,523,1,2,3,1,1464,94,1,2,6,1,13,7,2,1,2,2,2,2
29,995,1,2,1,1,1590,87,2,0,1,0,19,6,0,4,6,4,1,3
29,986,1,3,4,3,564,93,3,5,1,0,18,10,2,3,10,2,0,7
36,132,1,6,3,1,97,55,1,2,3,0,12,5,3,3,1,0,0,0
46,406,2,3,1,2,1124,52,4,3,3,0,12,23,3,3,12,9,4,9
58,601,1,7,4,3,1360,53,3,4,7,1,14,31,0,2,10,9,5,9
37,290,1,21,3,1,267,65,1,6,1,1,12,8,3,2,8,7,1,7
57,405,1,1,2,1,1483,93,2,6,0,0,24,13,2,2,12,9,2,8
40,580,2,5,4,1,729,48,3,7,5,1,21,20,2,3,18,13,1,12
26,1167,2,5,3,4,2060,30,1,8,0,0,18,5,2,3,4,2,0,0
37,408,1,19,2,1,61,73,1,6,4,0,21,8,1,3,1,0,0,0
30,634,1,17,4,3,1321,95,3,3,1,1,23,9,2,3,9,1,0,8
29,805,1,1,2,1,816,36,1,2,1,1,11,1,1,3,1,0,0,0
39,1132,1,1,3,3,417,48,3,0,0,0,17,19,5,2,18,10,3,7
32,116,1,13,3,4,1234,77,1,2,1,0,20,2,2,3,2,2,2,2
24,771,1,1,2,1,1981,45,2,0,1,0,12,4,2,2,4,3,1,2
52,1030,2,5,3,1,1319,64,3,7,9,1,19,10,2,2,8,7,7,7
38,1186,1,3,4,4,1060,44,1,6,3,0,16,8,2,3,2,2,2,2
41,267,2,10,2,1,599,56,2,7,7,0,14,16,3,3,14,3,1,10
47,1180,1,25,3,3,1993,84,3,0,2,0,23,25,3,3,17,14,12,11
34,204,2,14,3,5,666,31,1,8,1,1,18,8,3,3,8,2,0,6
29,590,1,4,3,5,1762,91,1,6,1,0,13,1,2,3,1,0,0,0
20,1141,2,2,3,3,1657,31,1,8,1,0,19,2,3,3,2,2,2,2
30,1339,2,5,3,1,228,41,3,7,2,0,12,12,2,3,10,9,7,4
18,1431,1,14,3,3,1839,33,1,6,1,0,16,0,4,1,0,0,0,0
40,1194,1,1,3,1,1822,52,2,0,4,0,17,12,3,3,5,3,0,3
41,256,2,10,2,3,1329,40,2,7,1,0,13,19,4,3,19,2,11,9
48,163,2,2,5,2,595,37,2,7,2,0,14,14,2,3,9,7,6,7
30,921,1,1,3,1,806,38,1,2,3,0,21,7,2,3,2,2,0,2
53,102,1,23,4,1,901,72,4,5,6,0,18,33,0,3,12,9,3,8
28,773,1,6,3,1,1154,39,1,6,1,1,14,3,2,3,3,1,0,2
33,1242,2,8,4,1,1560,46,2,7,2,0,13,8,6,1,2,2,2,2
26,1479,1,1,3,1,384,84,2,4,1,0,20,6,6,1,6,5,1,4
31,1188,2,20,2,2,947,45,2,7,1,0,13,9,2,2,9,8,0,0
48,969,1,2,2,5,1258,76,1,2,5,0,11,7,4,2,1,0,0,0
56,713,1,8,3,1,241,67,1,6,4,1,18,19,3,3,2,2,2,2
30,1138,1,6,3,5,1311,48,2,2,0,0,12,10,6,3,9,2,6,7
42,570,1,8,3,1,809,66,5,3,1,0,13,24,4,2,24,7,14,9
34,1239,2,13,4,3,1951,39,3,7,1,0,18,9,2,2,8,7,1,1
39,711,1,4,3,3,1633,81,2,4,0,0,13,10,2,1,9,2,3,8
23,373,1,1,2,1,1270,47,1,6,1,0,22,1,2,3,1,0,0,1
24,1206,1,17,1,3,1009,41,2,4,1,0,15,5,6,3,4,2,3,2
