Age,BusinessTravel,DailyRate,Department,DistanceFromHome,EducationField,EmployeeNumber,Gender,HourlyRate,JobInvolvement,JobLevel,JobRole,MaritalStatus,NumCompaniesWorked,OverTime,PercentSalaryHike,RelationshipSatisfaction,StockOptionLevel,TotalWorkingYears,TrainingTimesLastYear,WorkLifeBalance,YearsAtCompany,YearsInCurrentRole,YearsSinceLastPromotion,YearsWithCurrManager
43,2,920,1,3,1,1255,1,96,1,5,5,1,3,0,14,2,1,25,2,3,8,7,0,7
35,2,1146,0,26,1,2040,0,31,3,3,1,2,1,1,16,3,0,9,2,3,9,0,1,7
41,2,263,1,6,3,957,1,59,3,1,2,2,2,1,13,3,0,20,3,3,18,13,2,17
43,2,1473,1,8,4,526,0,74,3,2,0,0,4,1,14,4,0,8,3,3,5,2,0,2
36,2,164,2,2,3,513,1,61,2,3,7,1,1,0,13,2,2,10,2,3,10,9,9,0
44,2,1488,2,1,2,68,0,75,3,2,7,0,5,1,21,3,1,9,2,2,4,3,1,3
30,0,990,1,7,5,1482,1,64,3,1,6,0,1,0,13,2,2,1,2,2,1,0,0,0
41,1,857,1,10,1,199,1,91,2,4,3,0,4,0,13,2,1,21,2,2,7,6,7,7
38,0,1327,2,2,1,361,1,39,2,2,7,1,3,0,18,4,1,13,0,3,8,7,7,5
35,2,1229,1,8,1,63,1,36,4,1,2,1,1,0,19,4,0,1,2,3,1,0,0,1
45,2,1234,2,11,1,1045,0,90,3,4,3,1,3,0,13,2,1,26,4,4,9,3,1,1
22,0,457,1,26,4,1605,0,85,2,1,6,1,1,1,14,2,0,4,2,2,4,2,1,3
39,2,1122,1,6,3,932,1,70,3,1,2,1,7,1,21,4,0,8,2,1,2,2,2,2
34,1,426,1,10,1,1615,1,42,4,2,4,0,1,0,13,1,1,9,3,3,9,7,7,2
42,2,933,1,29,1,836,1,98,3,2,4,1,1,0,13,4,1,10,3,2,9,8,7,8
33,1,1296,1,6,1,692,1,30,3,2,0,0,3,0,23,3,1,15,2,1,13,11,4,7
26,2,1355,0,25,1,177,0,61,3,1,1,1,1,0,23,4,1,8,3,3,8,7,5,7
53,1,124,2,2,2,1050,0,38,2,3,7,1,2,0,12,1,1,30,2,3,15,7,6,12
35,2,1490,1,11,3,2003,1,43,3,1,2,1,7,1,11,3,1,5,3,3,2,2,2,2
29,1,461,1,1,1,1753,1,70,4,2,0,2,8,1,12,4,0,10,5,4,3,2,0,2
41,2,314,0,1,0,734,1,59,2,5,3,1,1,0,12,2,1,22,3,3,22,7,2,10
28,2,1144,2,10,3,1056,1,74,3,1,8,1,1,0,22,2,0,1,5,3,1,0,0,0
38,2,330,1,17,1,1088,0,65,2,3,0,1,0,0,18,1,1,20,4,2,19,9,1,9
51,2,632,2,21,2,120,1,71,3,2,7,2,0,1,22,4,0,11,2,1,10,7,1,0
35,2,556,1,23,1,261,1,50,2,2,4,1,3,1,13,1,0,8,1,3,1,0,0,1
51,2,1169,1,7,3,211,1,34,2,2,4,1,2,0,17,3,0,10,2,3,1,0,0,0
29,2,408,2,23,1,1165,0,45,2,3,7,1,1,0,13,1,1,11,3,1,11,8,3,10
26,2,1443,2,23,2,72,0,47,2,2,7,1,7,1,19,3,1,5,2,2,2,2,0,0
29,2,468,1,28,3,2054,0,73,2,1,6,2,1,0,14,2,0,5,3,1,5,4,0,4
34,2,1397,1,1,1,683,1,42,3,1,6,1,1,0,12,4,1,10,4,2,10,9,8,8
23,2,977,1,10,5,1592,1,45,4,1,6,1,2,0,16,4,1,4,2,3,2,2,2,2
36,0,894,1,1,3,1662,0,33,2,2,4,1,0,0,15,3,0,4,6,3,3,2,1,2
30,0,111,1,9,3,239,1,66,3,2,2,0,1,0,11,3,2,12,4,3,12,9,6,10
45,1,1297,1,1,3,1922,1,44,3,2,0,2,4,0,12,3,0,12,3,3,4,2,0,3
33,2,465,1,2,1,328,0,39,3,1,2,1,7,0,20,1,0,13,3,4,9,7,1,7
23,2,1243,1,6,1,811,1,63,4,1,2,1,1,1,21,3,2,1,2,3,0,0,0,0
42,2,1128,1,13,3,1803,1,95,4,2,0,1,5,0,18,3,2,10,2,2,0,0,0,0
27,2,618,1,4,1,933,0,76,3,1,6,2,1,0,19,3,0,1,2,3,1,1,0,0
39,2,1329,2,4,1,182,0,47,2,2,7,1,4,0,14,3,1,17,1,4,15,11,5,9
26,2,841,1,6,4,164,0,46,2,1,6,1,1,0,19,3,0,5,3,2,5,4,4,3
23,2,310,1,10,3,784,1,79,4,1,6,2,1,0,18,4,0,2,3,3,2,2,0,2
32,0,300,1,1,1,882,1,61,3,1,2,0,0,0,12,2,1,4,2,3,3,0,0,2
52,2,1030,2,5,1,1319,1,64,3,3,7,2,9,1,19,3,0,10,2,2,8,7,7,7
31,2,1332,1,11,3,1251,1,80,3,2,0,1,1,1,12,4,0,6,2,2,6,5,0,1
53,2,1168,2,24,1,1968,1,66,3,3,7,2,6,1,13,2,0,15,2,2,2,2,2,2
38,1,1444,0,1,4,1972,1,88,3,1,1,1,0,1,11,2,1,7,2,3,6,2,1,2
26,1,921,1,1,3,1068,0,66,2,1,6,0,1,0,13,3,2,5,5,3,5,3,1,3
46,2,706,1,2,1,1857,1,82,3,3,4,0,3,0,14,3,1,12,4,2,9,8,4,7
35,2,1349,1,7,1,1601,1,63,2,1,2,1,1,0,18,4,1,1,5,2,1,0,0,1
29,2,352,0,6,3,1865,1,87,2,1,1,1,1,0,11,4,0,1,3,3,1,0,0,0
50,2,854,2,1,3,323,0,68,3,5,3,0,3,0,11,3,1,32,3,2,7,0,0,6
46,2,1277,2,2,1,1732,1,74,3,3,7,0,4,1,12,2,1,13,5,2,10,6,0,3
37,0,728,1,1,3,380,0,80,3,3,5,0,2,1,18,1,2,15,2,3,5,2,0,2
26,2,1384,1,3,3,1177,1,82,4,1,2,1,1,0,22,2,1,8,2,3,8,7,0,7
32,2,371,2,19,1,1739,1,80,1,3,7,1,3,0,13,3,1,10,2,1,4,3,0,2
33,2,587,1,10,3,584,1,38,1,1,2,0,7,0,13,1,3,8,2,3,4,3,1,3
45,0,1050,2,9,1,1117,0,65,2,2,7,1,1,0,13,4,1,15,2,3,15,10,4,12
41,1,840,1,9,3,999,1,64,3,5,5,0,2,0,17,2,1,21,2,4,18,16,0,11
28,2,1475,2,13,2,1933,0,84,3,2,7,2,3,1,11,4,0,6,0,3,2,0,2,2
21,1,756,2,1,5,478,0,99,2,1,8,2,1,1,11,3,0,3,3,3,3,2,1,2
35,2,384,2,8,1,805,0,72,3,1,8,1,1,0,16,2,1,3,1,2,3,2,0,2
19,2,303,1,2,1,243,1,47,2,1,2,2,1,0,22,3,0,1,3,2,1,0,1,0
38,1,693,1,7,1,1382,1,57,4,1,6,0,1,0,11,4,3,4,2,3,4,2,0,3
24,2,823,1,17,4,643,1,94,2,1,2,1,1,0,21,4,1,1,2,3,1,0,0,0
34,2,1320,1,20,5,1265,0,89,4,1,6,1,0,0,17,4,0,2,5,2,1,0,0,0
42,0,355,1,10,5,1854,1,38,3,1,6,1,3,0,22,2,2,10,1,2,6,3,3,3
42,2,1332,1,2,4,477,1,98,2,2,0,2,3,0,23,2,0,14,6,3,1,0,0,0
46,1,1211,2,5,2,62,1,98,3,2,7,2,4,1,21,3,0,14,4,3,9,6,0,8
31,2,1274,1,9,1,581,1,33,3,3,4,0,1,0,25,4,1,13,6,4,13,8,0,8
35,0,1097,1,11,3,70,1,79,2,3,0,1,2,1,13,3,1,10,3,3,4,0,2,3
40,2,759,2,2,2,516,0,46,3,2,7,0,7,0,12,3,2,8,5,3,5,4,1,3
25,2,180,1,2,3,854,1,65,4,1,6,2,7,0,13,3,0,6,3,2,4,3,0,1
24,2,1448,2,1,5,554,0,62,3,1,8,2,1,1,16,2,0,6,4,3,5,3,1,4
36,2,1351,1,26,1,1682,1,80,3,2,0,1,6,0,14,2,2,10,2,2,3,2,0,2
31,2,1079,2,10,3,1912,0,86,3,2,7,0,2,1,11,4,1,8,2,3,5,2,1,4
26,1,575,1,3,5,510,1,73,3,1,6,2,0,0,22,3,0,7,2,3,6,4,0,4
36,1,1480,1,3,3,238,1,30,3,1,2,2,4,0,12,3,0,13,3,2,8,7,7,2
39,1,766,2,20,1,1812,1,83,3,2,7,0,2,0,18,4,1,7,6,3,2,1,2,2
55,2,282,1,2,3,1336,0,58,1,5,3,1,4,0,14,4,1,23,5,3,19,9,9,11
49,2,470,1,20,3,170,0,96,3,2,4,1,1,0,14,3,0,16,2,2,15,11,5,11
38,2,1245,2,14,1,1582,1,80,3,2,7,1,0,0,11,4,1,10,3,3,9,8,7,7
38,1,216,1,23,1,12,1,44,2,3,4,2,0,0,21,2,0,10,2,3,9,7,1,8
52,1,322,1,28,3,1401,0,59,4,4,4,1,2,1,11,2,1,24,3,2,5,3,0,2
25,2,977,1,2,4,1992,1,57,3,1,2,0,6,1,19,3,1,7,2,2,2,2,0,2
34,2,479,1,7,3,1577,1,35,3,1,6,2,1,0,13,3,0,1,4,1,1,0,0,0
56,2,1369,1,23,1,1373,1,68,3,4,4,1,4,1,12,1,1,33,0,3,19,16,15,9
36,1,688,1,4,1,2025,0,97,3,2,4,0,7,0,13,2,3,18,3,3,4,2,0,2
45,0,248,1,23,1,1002,1,42,3,2,2,1,1,1,15,3,1,9,2,3,9,8,0,8
42,1,748,1,9,3,1480,0,74,3,1,2,2,1,0,13,3,0,12,3,3,12,9,5,8
47,0,666,1,29,1,376,1,88,3,3,3,1,1,1,12,4,1,10,2,2,10,7,9,9
30,2,853,1,7,1,1224,1,49,3,2,2,0,1,0,13,1,3,10,4,2,10,7,8,9
48,1,708,2,7,3,1691,0,95,3,1,8,1,2,1,11,3,2,19,3,3,9,7,7,7
34,2,810,2,8,5,1823,1,92,4,2,7,1,1,0,21,3,2,10,5,3,10,8,4,8
33,2,134,1,2,1,242,1,90,3,1,6,2,0,0,14,1,0,4,2,4,3,1,0,2
49,2,1313,2,11,2,1757,0,80,3,2,7,2,3,0,12,3,0,8,1,4,5,1,0,4
29,2,657,1,27,3,793,0,66,3,2,0,1,4,0,12,1,1,11,3,2,8,7,1,1
60,1,1499,2,28,2,573,0,80,2,3,7,1,4,0,19,4,0,22,5,4,18,13,13,11
35,2,303,2,27,1,1797,1,84,3,2,7,2,1,1,18,4,0,10,2,3,10,7,7,7
45,2,1015,1,5,3,1611,0,50,1,2,2,2,1,1,14,1,0,10,3,3,10,7,1,4
40,1,593,1,9,3,1166,0,88,3,3,5,2,9,0,17,3,0,20,3,2,18,7,2,13
39,2,1089,1,6,1,1525,0,32,3,3,4,2,4,0,18,4,0,9,3,3,2,0,2,2
45,1,1249,1,7,1,425,1,97,3,3,2,0,1,0,18,1,1,24,2,3,24,9,9,11
42,2,319,1,24,3,605,1,56,3,3,4,1,1,1,21,4,1,10,5,2,10,9,5,8
35,2,950,1,7,4,845,1,59,3,3,4,2,3,0,21,2,0,17,3,4,8,5,1,6
46,2,644,1,1,3,288,1,97,3,3,0,0,7,0,16,3,1,17,3,3,4,2,0,3
32,0,1109,1,29,3,1046,0,69,3,1,2,2,9,0,12,2,0,10,2,3,8,7,7,7
29,2,590,1,4,5,1762,0,91,2,1,6,0,1,0,13,3,1,1,2,3,1,0,0,0
37,2,228,2,6,3,378,1,98,3,2,7,1,4,0,14,2,1,7,5,4,5,4,0,1
40,1,692,1,11,5,1985,0,73,3,2,2,1,1,0,11,1,1,10,2,4,10,9,9,4
28,2,736,2,26,1,1387,1,48,2,2,7,1,1,0,11,3,1,5,0,3,5,3,0,4
37,2,397,1,7,3,102,1,30,3,3,5,2,4,0,13,1,0,16,3,4,5,2,0,2
41,2,802,2,9,1,176,1,96,3,3,7,0,3,1,13,3,1,12,2,3,9,7,0,7
46,2,734,1,2,3,1789,1,46,3,5,5,0,7,1,17,3,1,24,3,3,2,1,2,2
53,2,607,1,2,5,1572,0,78,2,3,4,1,0,0,16,2,1,34,4,3,33,7,1,9
33,2,211,2,16,1,1758,0,74,3,3,7,2,2,1,20,3,0,11,2,2,0,0,0,0
28,2,1404,1,17,5,1960,1,32,2,1,2,0,5,0,12,1,1,6,2,2,4,1,0,3
41,2,483,1,6,3,466,1,95,2,2,4,2,6,1,15,4,0,8,3,3,5,4,1,2
55,2,147,1,20,5,389,1,37,3,2,2,1,3,1,19,4,1,12,4,3,10,7,0,8
35,1,853,2,18,1,74,1,71,3,3,7,1,1,0,22,4,1,9,3,2,9,8,1,8
50,2,989,1,7,3,80,0,43,2,5,5,0,5,1,12,4,1,29,2,2,27,3,13,8
30,1,109,1,5,3,1017,0,60,3,1,2,2,0,0,17,1,0,4,3,3,3,2,1,2
34,2,285,1,29,3,1377,1,86,3,2,2,1,4,0,13,1,2,10,1,3,8,7,7,7
43,2,1179,2,2,3,1706,1,73,3,2,7,1,1,1,17,1,1,10,3,3,10,9,8,8
33,0,722,2,17,1,992,1,38,3,4,3,2,1,0,11,4,0,10,2,3,10,8,6,0
35,2,1361,2,17,1,1218,1,94,3,2,7,1,3,1,15,4,3,15,2,3,7,7,1,7
31,1,754,2,26,2,1967,1,63,3,2,7,1,1,1,11,3,0,10,4,3,10,7,0,8
53,2,1070,1,3,3,386,1,45,3,4,5,1,3,1,16,4,3,21,5,2,5,3,1,3
58,1,781,1,2,1,918,1,57,2,1,2,0,9,1,14,4,1,3,3,2,1,0,0,0
41,2,1206,2,23,1,1678,1,80,3,3,7,2,3,1,16,4,0,21,2,3,2,0,0,2
28,0,1476,1,1,1,1315,0,55,1,2,2,1,0,0,11,1,3,10,6,3,9,8,7,5
44,2,625,1,4,3,852,1,50,3,2,0,2,9,0,12,4,0,10,2,2,5,2,2,3
23,2,160,1,4,3,1735,0,51,3,1,2,2,1,0,13,3,0,3,3,1,3,2,1,2
27,1,829,2,8,2,800,1,84,3,2,7,1,0,0,19,2,1,5,3,3,4,2,1,1
38,2,362,1,1,1,662,0,43,3,1,6,2,3,0,17,4,0,8,3,2,0,0,0,0
34,2,470,1,2,1,339,1,84,2,2,4,1,6,0,13,2,1,13,3,3,11,9,5,9
34,2,216,2,1,2,1047,1,75,4,2,7,0,0,0,11,4,1,16,2,2,15,1,0,9
32,0,1474,2,11,4,631,1,60,4,2,7,1,8,0,12,4,0,6,2,3,4,2,1,2
29,2,1092,1,1,3,2027,1,36,3,1,6,1,9,1,14,2,3,4,3,4,2,2,2,2
29,1,806,1,1,1,710,1,76,1,1,6,0,1,0,18,4,1,10,5,3,10,7,2,8
51,2,1469,1,8,1,296,1,81,2,3,5,1,5,0,16,4,2,16,5,1,10,9,4,7
42,2,1147,0,10,0,1408,0,31,3,4,3,1,0,0,14,3,1,21,5,3,20,7,0,9
50,2,691,1,2,3,815,1,64,3,4,5,1,5,0,16,4,0,30,3,3,4,3,0,3
32,2,604,2,8,3,1304,1,56,4,2,7,1,1,0,15,3,2,10,4,4,10,7,0,8
30,1,160,1,3,3,680,0,71,3,1,6,0,1,0,20,3,1,1,2,3,1,0,0,0
45,2,1038,1,20,3,1460,1,95,1,3,0,0,2,1,18,2,1,24,2,3,7,7,0,7
32,0,1200,1,1,5,1574,1,62,3,2,6,1,4,0,14,2,1,9,3,2,6,5,1,2
30,1,1312,1,23,1,159,1,96,1,1,6,0,1,0,25,3,3,10,2,2,10,7,0,9
43,1,957,1,28,3,171,0,72,4,1,6,2,4,0,12,4,0,18,2,3,3,2,1,2
49,2,1490,1,7,1,1484,1,35,3,3,0,0,3,0,14,2,2,29,3,3,8,7,0,7
49,2,1184,2,11,2,840,0,43,3,3,7,1,1,0,18,1,2,9,3,4,9,8,7,7
34,2,507,2,15,3,1356,0,66,3,2,7,2,1,0,12,4,0,10,6,4,10,8,9,6
41,2,933,1,9,1,200,1,94,3,1,2,1,2,0,21,4,1,7,2,3,5,0,1,4
49,1,636,1,10,1,396,0,35,3,5,5,2,9,1,11,4,0,22,4,3,3,2,1,2
27,1,1242,2,20,1,293,0,90,3,2,7,2,1,0,14,4,0,7,2,3,7,7,0,7
34,2,790,2,24,3,1489,0,40,2,2,7,2,0,1,23,3,0,16,2,4,15,9,10,10
50,0,145,2,1,1,1040,0,95,3,2,7,1,0,0,12,1,1,19,3,3,18,7,0,13
45,2,194,1,9,1,206,1,60,3,2,2,0,8,0,18,3,1,20,2,1,17,9,0,15
44,2,661,1,9,1,913,1,61,3,1,6,1,1,1,13,4,0,8,0,3,8,7,7,1
37,0,1063,1,25,3,529,0,72,3,2,6,1,3,1,15,1,2,15,2,3,13,11,10,7
29,1,574,1,20,3,1852,1,40,3,1,2,1,1,0,13,2,0,11,3,4,11,8,3,10
39,2,903,2,2,1,985,1,41,4,3,7,2,0,0,18,4,0,9,3,3,8,7,0,7
37,2,921,1,10,3,486,0,98,3,1,2,1,6,0,20,2,1,17,3,3,5,4,0,3
31,2,1222,1,11,1,895,1,48,3,1,6,1,3,1,19,2,1,8,2,3,6,4,0,2
35,2,819,1,18,1,1621,1,48,4,2,6,1,1,0,11,4,0,16,2,3,16,15,1,10
29,1,746,2,24,5,1928,1,45,4,1,8,2,1,0,17,4,0,1,3,3,1,0,0,0
37,2,1372,1,1,1,391,0,42,3,1,6,2,1,0,12,2,0,17,3,3,17,12,5,7
18,0,287,1,5,1,1012,1,73,3,1,6,2,1,0,15,4,0,0,2,3,0,0,0,0
26,2,1066,1,2,3,1018,1,32,4,2,4,1,1,0,12,2,0,8,2,3,8,7,1,3
44,2,1313,1,7,3,1608,0,31,3,5,5,0,0,1,14,4,1,23,4,2,22,7,1,10
30,2,1339,2,5,1,228,0,41,3,3,7,1,2,0,12,3,1,12,2,3,10,9,7,4
47,2,1482,1,5,1,447,1,42,3,5,5,1,4,0,11,2,1,21,2,3,3,2,1,1
32,1,1311,1,7,1,359,1,100,4,1,2,1,1,0,20,3,0,5,3,1,5,1,0,3
28,2,1117,1,8,1,395,0,66,3,1,6,2,1,0,21,4,0,5,3,3,5,3,0,2
47,2,571,2,14,3,1503,0,78,3,2,7,1,3,1,17,3,1,11,4,2,5,4,1,2
52,0,585,2,29,1,2019,1,40,3,1,8,0,2,0,15,2,2,16,3,2,9,8,0,0
50,2,1126,1,1,3,997,1,66,3,4,5,0,9,0,22,3,1,32,1,2,5,4,1,3
29,2,986,1,3,3,564,1,93,2,3,5,1,1,0,18,3,0,10,2,3,10,2,0,7
26,2,583,1,4,1,1275,1,53,3,1,6,2,1,1,20,2,0,8,2,2,8,5,2,2
56,2,718,1,4,5,1191,0,92,3,5,3,0,4,0,13,4,1,28,2,3,5,2,4,2
40,2,448,1,16,1,1641,0,84,3,3,4,2,6,1,15,4,0,18,2,2,4,2,3,3
39,1,505,1,2,5,343,0,64,3,3,0,2,0,0,25,4,0,20,1,3,19,6,11,8
24,2,1353,2,3,4,128,0,33,3,2,7,1,0,0,21,1,1,4,2,2,3,2,0,2
34,2,167,1,8,1,775,0,32,3,2,4,0,3,0,14,3,1,7,3,3,0,0,0,0
26,0,265,2,29,3,1037,1,79,1,2,7,2,8,0,18,4,0,7,6,3,2,2,2,2
38,1,1189,1,1,1,1668,1,90,3,2,6,1,7,0,15,4,2,19,4,4,13,11,2,9
36,2,1120,2,11,2,2045,0,100,2,2,7,1,4,0,13,1,1,8,2,2,6,3,0,0
20,2,727,2,9,1,1680,1,54,3,1,8,2,1,0,11,1,0,2,3,3,2,2,0,2
27,2,975,1,7,3,764,0,55,2,2,0,2,8,0,19,1,0,9,2,1,7,6,0,7
28,2,821,2,5,3,916,1,98,3,2,7,2,1,0,14,2,0,4,3,3,4,2,0,2
26,2,1349,1,23,1,560,0,90,3,1,6,0,1,0,22,2,2,3,3,1,3,2,0,2
27,2,1167,1,4,1,1259,1,76,3,1,6,0,1,0,11,2,3,5,2,3,5,3,0,3
22,2,391,1,7,1,1878,1,75,3,1,6,2,1,1,23,1,0,1,2,3,1,0,0,0
38,2,1035,2,3,1,1036,1,42,3,2,7,2,8,1,12,3,0,19,1,3,1,0,0,0
38,1,653,1,29,1,79,0,50,3,2,2,2,1,0,11,4,0,10,2,3,10,3,9,9
31,1,1060,2,1,1,1331,0,54,3,1,8,2,1,1,11,1,0,3,2,4,3,2,2,2
44,2,1448,2,28,3,1039,0,53,4,4,7,1,3,1,18,3,1,23,2,3,12,11,11,11
27,1,1131,1,15,1,1870,0,77,2,1,6,1,0,0,19,4,1,8,2,2,7,6,7,3
51,2,684,1,6,1,162,1,51,3,5,5,2,7,0,13,3,0,23,5,3,20,18,15,15
36,2,1040,1,3,1,1664,1,79,4,2,0,0,6,0,20,1,1,13,3,3,5,4,0,4
52,2,1053,1,1,1,976,1,70,3,4,3,1,2,0,15,2,1,26,2,2,9,8,7,8
39,1,1218,1,1,1,531,1,52,3,5,3,0,1,1,14,3,1,21,3,3,21,8,1,6
42,2,1210,1,2,3,1542,1,68,2,1,2,1,4,0,14,2,1,4,3,3,1,0,0,0
28,2,895,1,15,1,1102,1,50,3,1,2,0,1,0,16,4,1,4,5,2,4,2,2,2
49,2,1098,1,4,3,1256,1,85,2,5,3,1,2,0,13,3,1,23,2,4,1,0,0,0
46,2,430,1,1,3,1069,1,40,3,5,5,0,9,0,17,4,2,23,0,3,2,2,2,2
50,1,809,2,12,2,174,0,77,3,3,7,2,4,0,11,4,0,16,3,3,2,2,2,1
49,2,722,1,25,1,1617,0,84,3,1,2,1,1,0,14,4,1,10,3,2,9,6,1,4
36,2,922,1,3,1,155,0,39,3,1,2,0,5,0,22,1,1,7,2,3,1,0,0,0
36,2,506,1,3,5,397,1,30,3,2,6,2,4,0,12,4,0,10,2,3,8,0,7,7
38,2,201,1,10,3,2015,0,99,1,3,5,1,3,0,12,1,1,20,3,3,18,16,1,11
45,2,950,1,28,5,1546,1,97,3,1,6,1,4,0,20,4,1,8,3,3,5,4,0,3
34,2,182,1,1,1,797,0,72,4,1,6,2,2,0,16,3,0,10,2,3,4,2,1,3
44,1,383,2,1,2,1481,0,79,3,2,7,1,7,0,12,3,1,11,4,2,1,0,0,0
32,1,1125,1,16,1,33,0,72,1,1,6,2,1,1,22,2,0,10,5,3,10,2,6,7
36,0,217,1,18,1,1133,1,78,3,2,4,2,2,0,20,1,0,18,0,3,11,9,0,9
45,2,1339,1,7,1,86,1,59,3,3,6,0,2,0,17,3,1,25,2,3,1,0,0,0
45,2,930,2,9,2,864,1,74,3,3,7,0,4,1,12,3,1,18,2,3,5,4,0,2
31,2,311,1,20,1,1881,1,89,3,2,2,0,1,0,11,1,1,10,2,3,10,8,0,2
26,1,1479,1,1,1,384,0,84,3,2,4,0,1,0,20,1,1,6,6,1,6,5,1,4
21,2,1343,2,22,5,669,1,49,3,1,8,2,1,0,11,3,0,3,2,3,3,2,1,2
28,2,1157,1,2,3,440,1,84,1,1,6,1,5,1,13,4,0,5,4,2,3,2,2,2
34,0,999,1,26,5,1374,0,92,2,1,6,0,1,0,20,3,3,5,2,3,5,4,0,0
30,2,1334,2,4,3,121,0,63,2,2,7,0,1,1,12,2,3,11,4,2,11,8,2,7
46,2,1009,1,2,1,575,1,51,3,4,5,1,6,0,13,3,0,26,2,1,3,2,0,1
45,0,805,1,4,1,972,1,57,3,2,2,1,1,0,12,2,0,9,5,2,9,7,0,8
30,2,231,2,8,4,982,1,62,3,3,7,0,5,0,11,1,1,10,2,4,8,4,7,7
28,2,440,1,21,3,221,1,42,3,1,6,1,1,0,11,3,1,5,2,1,5,2,0,2
41,0,906,1,5,1,1210,1,95,2,1,6,0,6,0,17,1,1,5,2,1,1,0,0,0
35,2,583,1,25,3,1014,0,57,3,3,0,0,1,1,11,3,1,16,3,2,16,10,10,1
29,2,1401,1,6,3,1192,0,54,3,1,2,1,1,0,13,1,1,10,5,3,10,8,0,8
25,2,891,2,4,1,527,0,99,2,2,7,2,1,1,11,2,0,5,3,3,5,4,1,3
43,2,1372,2,9,2,1188,0,85,1,2,7,2,8,0,13,2,0,7,2,2,4,3,1,3
35,1,662,2,18,2,1380,0,67,3,2,7,1,0,1,18,3,1,5,0,2,4,2,3,2
33,2,392,2,2,3,1670,1,93,3,2,7,0,1,0,14,3,2,6,5,3,6,2,0,4
36,0,301,2,15,2,2036,1,88,1,2,7,0,1,0,24,1,1,15,4,2,15,12,11,11
37,2,342,2,16,2,868,1,66,2,2,7,0,4,0,19,4,2,9,2,3,1,0,0,0
35,1,482,1,4,1,1350,1,87,3,2,6,2,1,1,11,2,0,9,3,3,9,6,1,1
32,2,859,1,4,1,830,0,98,2,2,4,1,1,0,12,3,1,14,3,3,14,13,6,8
48,2,1221,2,7,2,1466,1,96,3,2,7,0,4,0,11,1,3,15,3,3,2,2,2,2
31,1,793,2,20,1,1135,1,67,4,1,8,1,0,0,12,1,1,3,4,3,2,2,2,2
29,2,718,1,8,3,1150,1,79,2,2,4,1,1,1,15,3,1,10,2,2,10,7,1,2
34,2,943,1,9,1,1344,1,86,3,3,0,0,0,0,11,4,1,10,0,2,9,7,1,6
51,2,1178,2,14,1,500,0,87,3,2,7,1,4,0,11,3,1,18,2,2,7,7,0,7
49,2,809,1,1,1,1677,1,36,3,4,3,2,4,0,14,1,0,23,2,3,8,7,0,0
38,2,1153,1,6,4,1782,0,40,2,1,2,1,1,0,11,2,1,5,3,3,5,4,0,4
32,2,1033,1,9,3,190,0,41,3,1,2,2,7,0,22,1,0,10,2,4,5,4,0,4
39,2,722,2,24,2,2056,0,60,2,4,7,1,0,0,11,1,1,21,2,2,20,9,9,6
56,1,1240,1,9,3,1071,0,63,3,1,6,1,2,0,19,2,1,18,4,3,5,4,0,3
55,1,1091,1,2,1,1096,1,65,3,3,4,1,3,0,18,2,1,23,4,3,3,2,1,2
38,1,1394,1,8,3,1937,0,58,2,2,6,0,1,1,16,3,1,20,3,3,20,11,0,7
27,0,443,1,3,3,850,1,50,3,1,6,1,1,0,11,3,3,0,6,2,0,0,0,0
35,2,607,1,9,1,880,0,66,2,3,4,1,1,1,20,2,1,17,2,3,17,14,5,15
30,0,641,2,25,5,475,0,85,3,2,7,1,7,1,12,2,1,4,2,4,2,2,2,2
37,2,370,1,10,3,1809,1,58,3,2,4,2,1,0,15,2,0,10,4,1,10,3,0,8
38,2,119,2,3,1,307,1,76,3,3,7,0,0,0,12,3,2,17,6,2,16,10,5,13
48,2,1224,1,10,1,1867,1,91,2,5,5,1,4,0,12,4,0,29,3,3,22,10,12,9
37,2,482,1,3,4,689,1,36,3,3,4,1,1,0,15,3,1,10,2,3,10,7,7,8
39,1,672,1,7,3,444,1,54,2,5,3,1,1,0,15,1,1,21,2,3,21,9,13,3
24,1,567,1,2,5,1646,0,32,3,1,6,2,1,1,13,3,0,6,2,3,6,3,1,3
33,0,775,1,4,5,1771,1,90,3,2,6,0,5,0,15,4,2,11,2,2,9,8,1,7
39,2,1387,1,10,3,1618,1,76,3,2,4,1,2,0,13,4,3,10,3,3,7,7,7,7
21,2,156,2,12,1,494,0,90,4,1,8,2,1,0,15,4,0,1,0,3,1,0,0,0
31,2,329,1,1,1,530,1,98,2,1,2,1,1,0,12,3,1,4,3,3,4,2,3,2
40,1,791,1,2,3,807,0,38,4,2,0,1,1,0,24,4,1,8,2,3,8,7,3,7
40,2,1492,1,20,5,1092,1,61,3,3,0,1,4,0,20,4,1,14,6,3,11,10,11,1
18,0,1431,1,14,3,1839,0,33,3,1,6,2,1,0,16,3,0,0,4,1,0,0,0,0
54,1,966,1,1,1,1245,0,53,3,3,4,0,7,0,17,1,1,33,2,1,5,4,1,4
43,2,415,2,25,3,1076,1,79,2,3,7,0,5,0,13,3,1,18,5,3,1,0,0,0
44,2,136,1,28,1,1523,1,32,3,4,5,1,3,0,13,3,1,24,1,4,20,6,14,17
44,2,935,1,3,1,1333,1,89,3,1,2,1,4,0,12,3,0,10,4,4,3,2,1,2
34,1,702,1,16,1,838,0,100,2,1,6,2,1,0,16,3,0,6,3,3,5,2,1,3
32,1,238,1,5,1,1939,0,47,4,1,6,2,3,1,14,1,0,8,2,3,4,1,0,3
35,2,670,1,10,3,1587,0,51,3,2,0,2,3,1,16,3,0,10,4,3,5,2,0,4
58,0,350,2,2,3,1824,1,52,3,4,3,0,4,0,22,4,1,37,0,2,16,9,14,14
34,2,304,2,2,4,786,1,60,3,2,7,2,1,0,22,3,0,6,5,3,6,5,1,4
40,2,523,1,2,1,1346,1,98,3,2,6,2,1,0,13,3,0,9,4,3,9,8,8,8
52,2,723,1,8,3,433,1,85,2,2,6,1,2,0,15,1,0,11,3,2,8,2,7,7
58,0,390,1,1,1,422,1,32,1,2,0,0,2,1,13,4,1,12,2,3,5,3,1,2
45,2,556,1,25,1,1888,0,93,2,2,4,1,0,0,13,4,2,10,2,2,9,8,3,8
41,2,1360,1,12,5,58,0,49,3,5,5,1,1,0,12,4,0,23,0,3,22,15,15,8
18,2,812,2,10,3,411,0,69,2,1,8,2,1,0,12,1,0,0,2,3,0,0,0,0
48,2,817,2,2,2,712,1,56,4,2,7,1,3,0,12,4,0,12,3,3,2,2,2,2
48,2,163,2,2,2,595,0,37,3,2,7,1,2,0,14,1,1,14,2,3,9,7,6,7
34,2,628,1,8,3,2068,1,82,4,2,2,1,2,0,12,1,0,6,3,4,4,3,1,2
36,0,1434,2,8,1,789,1,76,2,3,7,2,1,0,15,2,0,10,1,3,10,7,0,9
45,2,538,1,1,5,1553,1,66,3,3,0,0,1,0,12,1,3,10,4,3,10,8,7,7
43,1,422,1,1,1,902,0,33,3,2,0,1,4,0,13,2,1,12,2,2,5,2,2,2
33,2,1198,1,1,4,939,1,100,2,1,6,2,3,1,11,2,0,6,1,3,3,2,0,2
49,2,1418,1,1,5,887,0,36,3,1,6,1,2,0,16,2,1,7,2,3,4,2,0,2
32,2,824,1,5,1,1555,0,67,2,2,6,1,3,0,12,1,1,12,2,3,7,1,2,5
32,2,929,2,10,2,722,1,55,3,2,7,2,1,0,12,4,0,10,2,2,10,7,0,8
40,2,1342,2,9,3,1548,1,47,3,2,7,1,0,0,12,4,0,9,5,4,8,4,7,1
46,2,717,1,13,1,1727,1,34,3,2,0,2,6,0,14,4,0,19,3,3,10,7,0,9
36,2,796,1,12,3,1073,0,51,2,3,4,2,0,0,11,2,0,15,2,2,14,8,7,8
27,2,511,2,2,3,1898,0,89,4,2,7,2,0,0,14,2,0,9,5,2,8,7,0,7
40,2,1194,1,1,1,1822,0,52,3,2,0,0,4,0,17,4,1,12,3,3,5,3,0,3
35,0,208,1,8,1,1630,0,52,3,2,0,1,1,0,12,4,1,15,5,3,14,11,2,9
44,2,477,1,7,3,36,0,42,2,3,0,1,3,0,14,4,1,24,4,3,22,6,5,17
31,1,1445,1,1,1,1459,0,100,4,3,4,2,1,0,11,1,0,10,2,3,10,8,4,7
50,2,1322,1,28,1,1317,0,43,3,4,5,1,4,1,11,2,0,25,2,3,3,2,1,2
41,2,465,1,14,1,227,1,56,3,1,6,0,4,0,12,1,1,13,2,3,9,8,1,8
31,2,106,0,2,0,424,1,62,2,2,1,1,3,0,12,4,0,9,1,3,2,2,1,0
29,2,665,1,15,1,346,1,60,3,1,6,2,1,0,19,1,0,6,1,3,6,5,1,5
29,2,408,1,25,5,565,0,71,2,1,6,1,5,0,16,2,0,6,2,4,2,2,1,1
32,1,379,2,5,1,889,1,48,3,2,7,1,1,0,14,4,1,10,3,3,10,8,5,3
35,2,755,1,9,1,496,1,97,2,2,0,2,9,0,19,3,0,10,5,3,1,1,0,0
30,0,1398,2,22,4,567,0,69,3,3,7,1,0,0,11,3,0,10,3,3,9,8,7,8
28,2,1169,0,8,3,869,1,63,2,1,1,0,1,0,13,4,1,6,6,3,5,1,0,4
40,2,444,2,2,2,1986,0,92,3,2,7,1,3,0,14,3,1,15,4,3,11,8,5,10
44,2,1097,1,10,1,1200,1,96,3,1,6,2,1,1,11,3,0,6,4,3,6,4,0,2
34,0,1065,2,23,2,60,1,72,3,2,7,2,0,0,20,3,0,10,2,3,9,5,8,7
46,2,1485,1,18,3,550,0,87,3,2,4,0,2,0,14,3,1,19,5,2,10,7,0,8
28,2,890,1,2,3,828,1,46,3,1,6,2,6,0,17,4,0,5,3,2,2,2,2,1
52,2,319,1,3,3,543,1,39,2,3,4,1,2,1,14,3,0,28,4,3,5,4,0,4
34,2,678,1,19,1,1701,0,35,2,1,6,1,1,0,12,2,0,10,3,3,10,9,8,7
33,2,501,1,15,3,2009,0,95,3,2,0,1,0,1,13,1,1,10,6,3,9,7,8,1
35,1,880,2,12,4,1667,1,36,3,2,7,2,3,1,24,1,0,13,2,4,11,9,6,7
27,2,1220,1,5,1,434,0,85,3,1,6,2,1,1,12,2,0,4,2,2,4,3,1,2
30,2,979,2,15,2,1754,1,94,2,3,7,0,2,0,11,1,1,12,2,3,7,7,1,7
30,2,413,2,7,2,585,1,57,3,1,8,2,0,0,14,1,0,4,3,3,3,2,1,2
33,2,536,2,10,2,1268,1,82,4,3,7,0,0,1,14,4,2,10,3,3,9,8,0,8
39,2,412,1,13,3,1307,0,94,2,4,3,0,6,1,13,4,2,21,4,3,19,9,15,2
30,2,330,0,1,1,1499,1,46,3,1,1,0,0,0,21,1,1,6,3,4,5,3,1,3
47,2,955,2,4,1,1003,0,83,3,2,7,2,1,1,17,3,0,9,0,3,9,0,0,7
40,2,630,2,4,2,215,1,67,2,3,7,1,7,0,11,1,1,15,2,2,12,11,2,11
47,0,1162,1,1,3,2000,0,98,3,3,5,1,0,0,18,1,2,14,3,1,13,8,5,12
24,2,1371,2,10,2,507,0,77,3,2,7,0,1,1,12,4,1,5,2,4,5,2,0,3
27,2,1157,1,17,5,233,1,51,3,1,6,1,0,1,16,4,1,6,3,2,5,2,1,1
36,2,884,2,1,1,1585,0,73,3,2,7,2,6,0,13,1,0,15,5,3,1,0,0,0
34,1,135,1,19,3,1285,0,46,3,2,2,0,4,0,13,3,2,15,2,4,11,8,5,10
39,2,117,1,10,3,429,1,99,3,4,3,1,1,1,14,4,0,21,3,3,21,9,11,10
31,2,1463,1,23,3,367,1,64,2,2,0,1,0,0,21,2,1,10,2,3,9,0,7,8
42,2,300,1,2,1,2031,1,56,3,5,3,1,5,0,11,1,0,24,2,2,22,6,4,14
29,2,1328,1,2,1,94,1,76,3,1,6,1,0,0,23,4,1,6,3,3,5,4,0,4
36,2,1266,2,10,5,1880,0,63,2,2,7,1,1,1,13,1,1,10,4,3,10,9,1,7
35,1,636,1,4,4,1185,1,47,2,1,2,1,1,0,13,2,1,2,2,4,2,2,2,2
29,2,1176,2,3,3,690,0,62,3,2,7,1,1,0,14,1,1,6,5,2,6,0,1,2
20,2,1097,1,11,3,1016,0,98,2,1,6,2,1,1,15,1,0,1,2,3,1,0,0,0
40,2,676,1,9,1,1534,1,86,3,1,2,2,3,0,14,2,0,15,3,1,5,4,1,0
27,1,591,1,2,3,1648,1,87,3,1,6,2,2,0,13,3,0,6,0,2,4,2,1,2
36,2,530,2,2,1,1710,0,51,3,2,8,2,3,0,15,3,0,17,2,2,13,7,6,7
51,1,237,2,9,1,1282,1,83,3,5,3,0,4,1,24,1,1,31,5,2,29,10,11,10
28,2,654,1,1,1,741,0,67,1,1,6,2,7,1,13,4,0,10,4,3,7,7,3,7
49,2,465,1,6,1,1661,0,41,2,4,0,1,2,1,19,2,1,30,3,3,15,11,2,12
32,1,585,1,10,1,1720,1,56,3,1,6,1,6,0,13,1,1,10,3,2,5,2,1,3
42,2,532,1,4,5,319,1,58,3,5,3,1,1,0,11,4,0,22,3,3,22,17,11,15
47,1,1379,1,16,3,987,1,64,4,2,4,0,1,1,19,3,0,20,3,4,19,10,2,7
40,2,1171,1,10,1,483,0,46,4,1,2,1,3,1,13,3,1,10,3,3,7,7,1,7
37,2,1305,1,10,1,518,1,49,3,2,4,2,2,1,12,4,0,18,2,2,1,0,0,1
54,2,821,1,5,3,522,1,86,3,5,5,1,4,0,11,3,1,24,4,2,4,2,1,2
47,2,983,1,2,3,574,0,65,3,2,4,0,5,0,13,3,3,20,2,3,5,0,0,4
28,2,1485,1,12,1,1175,0,79,3,1,2,1,1,1,11,4,0,1,4,2,1,1,0,0
38,1,1490,1,2,1,556,1,42,3,1,2,1,1,1,23,3,1,1,3,3,1,0,0,0
37,2,977,1,1,1,1196,0,56,2,2,4,1,1,0,13,2,1,14,2,2,14,8,3,11
22,2,1136,1,5,1,284,1,60,4,1,6,0,1,1,16,1,1,4,2,2,4,2,2,2
35,0,1180,1,2,3,1804,1,90,3,2,4,0,2,0,14,3,1,15,6,3,7,7,1,7
32,0,976,2,26,2,333,1,100,3,2,7,1,0,0,18,1,0,4,2,3,3,2,2,2
27,2,1130,2,8,2,458,0,56,3,2,7,1,1,0,18,1,1,8,3,3,8,7,0,7
34,2,419,1,7,1,28,0,53,3,3,5,2,0,0,11,3,0,13,4,3,12,6,2,11
54,1,928,1,20,1,450,0,31,3,2,6,2,3,0,12,4,0,20,4,2,4,3,0,3
46,2,228,2,3,1,1527,0,51,3,4,3,1,8,0,12,4,1,23,2,4,13,12,5,1
36,0,1351,1,9,1,1949,1,66,4,1,2,1,1,0,22,2,0,5,3,3,5,4,0,2
49,0,1002,1,18,1,275,1,92,3,2,4,0,1,1,15,1,2,7,0,3,7,7,1,7
30,1,1012,1,5,1,861,1,75,2,1,6,0,9,0,12,2,1,10,3,2,5,4,0,3
33,1,1392,1,3,1,5,0,56,3,1,6,1,1,1,11,3,0,8,3,3,8,7,3,0
31,0,976,1,3,3,1948,1,48,3,1,6,0,1,1,13,4,1,4,3,4,4,2,2,3
27,1,1410,2,3,3,714,0,71,4,2,7,0,1,1,20,2,2,6,3,3,6,5,0,4
32,2,588,2,8,5,436,0,65,2,2,7,1,1,1,11,4,0,13,2,3,13,12,11,9
31,2,154,2,7,1,941,1,41,2,1,8,1,3,0,15,2,0,13,2,4,7,7,5,2
33,2,350,2,5,2,485,0,34,3,1,8,2,1,1,13,2,0,1,2,3,1,0,0,0
37,2,1319,1,6,3,474,1,51,4,2,6,0,4,1,13,1,2,13,2,3,7,7,6,7
42,2,462,2,14,3,936,0,68,2,2,7,2,7,0,17,1,0,10,6,3,5,4,0,3
26,2,775,2,29,3,618,1,45,3,2,7,0,5,0,12,1,2,8,5,3,0,0,0,0
51,2,1302,1,2,3,408,1,84,1,2,4,0,5,0,18,4,1,13,3,3,4,1,1,2
28,1,773,1,6,1,1154,1,39,2,1,6,0,1,1,14,4,1,3,2,3,3,1,0,2
37,2,625,2,1,1,970,1,46,2,3,7,1,5,0,11,3,0,17,2,1,14,1,11,7
44,2,1199,1,4,1,1288,1,92,4,5,3,0,1,0,14,4,2,26,4,2,25,9,14,13
34,1,1003,1,2,1,1140,1,95,3,2,4,2,2,0,11,4,0,5,3,2,3,2,0,2
56,2,1255,1,1,1,1441,0,90,3,1,6,1,2,0,22,4,1,5,3,4,3,2,1,0
31,2,741,1,2,1,1721,1,69,3,1,2,1,1,0,14,4,1,6,2,4,5,2,0,3
26,2,991,1,6,1,686,0,71,3,1,2,1,1,1,13,3,1,3,2,3,3,2,0,2
31,0,587,2,2,1,1324,0,57,3,3,7,0,1,1,19,1,1,10,5,2,10,8,9,6
31,1,667,2,1,1,1427,0,50,1,1,8,2,1,0,12,2,0,1,3,3,1,0,0,0
39,2,1431,1,1,3,332,0,96,3,1,2,0,7,0,14,3,3,7,1,3,3,2,1,2
28,1,1009,1,1,3,1111,1,45,2,1,2,0,1,0,15,1,2,1,2,3,1,0,0,0
31,2,691,1,5,5,423,1,86,3,1,6,1,0,1,12,3,1,6,4,3,5,2,0,3
19,2,419,2,21,4,959,1,37,2,1,8,2,1,1,13,2,0,1,3,4,1,0,0,0
26,2,933,2,1,1,476,1,57,3,2,7,1,1,0,17,2,1,8,3,3,8,7,7,7
35,0,727,1,3,1,704,1,41,2,1,2,1,1,0,18,3,2,1,3,3,1,0,0,0
37,2,367,1,25,3,1161,0,52,2,2,0,0,7,0,13,3,2,9,2,3,6,2,1,3
27,2,1354,1,2,5,1931,1,41,3,1,6,1,1,0,11,3,1,6,3,2,5,3,1,2
40,2,107,2,10,5,1239,0,84,2,2,7,0,7,0,12,2,1,7,2,4,5,1,1,3
26,2,474,1,3,1,1581,0,89,3,1,6,1,1,0,21,1,0,1,5,3,1,0,0,0
30,2,1005,1,3,5,297,0,88,3,1,6,2,5,1,11,3,0,8,5,3,5,2,0,4
32,2,1401,2,4,1,330,0,56,3,1,8,1,2,0,11,1,1,6,5,3,4,3,1,2
49,2,1091,1,1,5,431,0,90,2,4,0,2,7,1,12,4,0,25,2,3,7,1,0,7
45,2,252,1,2,1,834,0,95,2,1,6,2,1,0,14,4,0,1,3,3,1,0,0,0
36,0,427,1,8,1,742,0,63,4,3,5,1,9,0,14,1,1,10,2,3,8,7,0,5
35,2,672,1,25,5,899,1,78,2,3,4,1,3,0,16,1,0,16,2,3,13,10,4,8
37,2,671,1,19,1,1631,1,85,3,2,4,1,3,0,17,1,3,9,2,2,4,3,0,2
27,2,1469,1,1,3,497,1,82,3,1,2,0,1,0,11,2,1,5,2,3,5,2,0,4
30,2,852,1,1,1,104,1,55,2,2,2,1,1,1,12,3,2,10,1,2,10,8,3,0
36,2,852,1,5,1,51,0,82,2,1,6,1,9,1,14,4,1,6,3,4,1,1,0,0
30,0,879,1,9,3,1298,0,72,3,2,4,2,7,1,18,3,0,10,3,3,8,4,1,7
28,2,995,1,9,3,930,0,77,3,1,6,0,5,0,18,2,1,6,2,3,2,2,2,2
46,1,638,1,1,3,124,1,40,2,3,0,1,2,1,13,3,1,21,5,2,10,9,9,5
34,2,735,2,3,3,1915,0,75,2,2,7,1,3,1,12,3,0,9,3,2,4,2,0,1
30,1,334,2,26,2,299,0,52,2,2,7,2,5,0,15,3,0,9,5,2,6,3,0,1
29,2,1389,1,21,1,20,0,51,4,3,4,0,1,0,11,3,1,10,1,3,10,9,8,8
29,2,1329,1,7,1,1260,1,82,3,2,0,0,1,1,11,2,2,6,2,3,6,0,1,0
35,2,1214,1,1,3,105,1,30,2,1,6,2,1,0,18,1,0,6,3,3,6,4,0,4
38,2,371,1,2,1,24,1,45,3,1,6,2,5,1,11,3,0,6,3,3,3,2,1,2
38,2,343,1,15,1,461,1,92,2,3,5,0,0,1,14,2,1,12,3,3,11,10,2,9
38,2,1009,2,2,1,1355,0,31,3,2,7,0,3,0,15,4,1,11,3,3,7,7,1,7
22,2,604,1,6,3,675,1,69,3,1,6,1,0,0,20,4,0,3,3,3,2,2,2,2
38,2,903,1,2,3,1573,1,81,3,2,4,1,4,0,11,1,2,7,2,3,5,2,1,4
47,1,1309,2,4,3,467,1,99,3,2,8,2,3,0,19,1,0,5,3,3,0,0,0,0
44,2,1467,1,20,1,1475,1,49,3,1,6,2,1,0,13,3,0,6,3,2,5,2,1,3
31,2,616,1,12,3,961,0,41,3,2,0,1,0,1,11,3,2,10,2,1,9,7,8,5
35,1,664,1,1,3,88,1,79,3,1,6,1,4,0,13,4,1,5,2,2,3,2,1,2
49,2,301,1,22,4,1655,0,72,3,4,5,1,3,0,16,2,2,27,2,3,4,2,1,2
34,2,971,2,1,5,1535,1,64,2,3,7,1,1,1,14,4,0,10,3,3,10,9,8,6
34,2,1111,2,8,1,808,0,93,3,2,7,1,5,0,17,2,1,6,1,3,3,2,1,2
40,2,1124,2,1,3,453,1,57,1,2,7,1,2,1,22,3,3,6,2,2,4,3,0,2
31,2,218,2,7,5,416,1,100,4,2,7,1,4,0,11,2,1,10,3,2,8,7,7,7
30,2,1358,2,16,1,1479,1,96,3,2,7,1,8,0,15,3,2,4,2,2,2,1,2,2
34,2,1333,2,10,1,1055,0,87,3,1,8,1,1,1,19,4,1,1,2,3,1,1,0,0
44,2,528,0,1,1,1683,0,44,3,1,1,0,4,1,18,1,3,8,2,3,2,2,2,2
44,2,1099,2,5,2,1267,1,88,3,5,3,1,7,0,11,3,1,26,5,3,22,9,3,10
27,0,1277,1,8,1,1094,1,87,1,1,2,1,1,0,19,4,3,3,4,3,3,2,1,2
34,2,1326,2,3,4,1478,1,81,1,2,7,2,3,0,18,4,0,15,2,3,13,9,3,12
24,2,477,1,24,3,1173,1,49,3,1,2,2,8,0,22,4,0,6,2,3,4,3,1,2
45,2,1457,1,7,3,1195,0,83,3,1,6,1,4,1,19,3,1,7,2,2,3,2,0,2
34,2,629,1,27,3,247,0,95,3,1,6,2,2,0,15,4,0,9,3,3,3,2,1,2
37,0,1040,1,2,1,139,1,100,2,2,0,0,5,0,14,4,1,17,2,4,1,0,0,0
50,1,1234,1,20,3,1606,1,41,3,4,0,1,2,1,15,3,1,32,3,3,30,8,12,13
33,1,508,2,10,2,446,1,46,2,2,7,2,3,0,14,3,0,9,6,2,7,7,0,1
56,0,667,1,1,1,2026,1,57,3,2,0,0,1,0,21,1,1,13,2,2,13,12,1,9
33,2,1099,1,4,3,1502,0,82,2,1,2,1,8,0,11,4,0,8,5,3,5,4,0,2
36,2,885,1,16,1,1042,0,43,4,1,2,2,1,0,16,3,0,18,1,3,17,13,15,14
34,1,648,0,11,1,1289,1,56,2,2,1,1,4,0,11,4,2,14,5,4,10,9,1,8
36,2,318,1,9,3,90,1,79,2,1,6,1,0,1,17,1,1,2,0,2,1,0,0,0
38,2,702,2,1,1,230,0,59,2,2,7,2,4,0,22,3,0,12,2,4,8,3,0,7
31,1,534,1,20,1,587,1,66,3,3,0,1,3,0,12,1,0,12,2,3,1,0,0,0
39,2,170,1,3,3,1627,1,76,2,2,2,0,0,0,15,4,1,11,3,3,10,8,0,7
55,2,189,0,26,0,1973,1,71,4,5,3,1,4,1,18,1,1,35,0,3,10,9,1,4
40,2,750,1,12,1,1829,0,47,3,2,0,0,2,0,12,2,1,15,3,3,7,4,7,7
45,2,1005,1,28,5,1719,0,48,2,4,5,2,1,0,11,3,0,21,2,3,21,6,8,6
33,2,654,1,5,1,1099,1,34,2,3,0,0,4,0,15,3,1,9,2,3,3,2,1,2
47,2,1454,2,2,1,925,0,65,2,1,8,2,1,1,18,1,0,3,3,2,3,2,1,2
33,2,147,0,2,0,1207,1,99,3,1,1,1,1,0,13,4,1,5,2,3,5,4,1,4
44,0,111,1,17,1,1206,1,74,1,1,6,2,2,0,13,4,0,6,3,3,0,0,0,0
32,1,430,1,24,1,772,1,80,3,2,2,1,1,0,15,4,2,10,2,3,10,8,4,7
38,0,1336,0,2,0,1805,1,100,3,1,1,0,5,0,13,4,3,13,3,3,11,10,3,8
30,2,241,1,7,3,1609,1,48,2,1,6,1,1,0,12,2,1,6,3,2,6,4,1,1
27,0,691,1,9,3,218,1,57,3,1,6,0,6,0,18,4,1,6,1,1,2,2,2,2
24,2,984,1,17,1,1219,0,97,3,1,2,1,1,0,13,1,1,1,3,1,1,0,0,0
54,2,157,1,10,3,1980,0,77,3,2,4,2,6,1,19,4,0,9,3,3,5,2,1,4
29,2,136,1,1,1,1954,1,89,3,2,0,1,0,0,12,1,1,6,5,2,5,3,0,2
43,2,1291,1,15,1,1666,1,65,2,4,5,1,1,0,24,1,1,14,3,3,14,10,6,11
44,2,1376,0,1,3,1098,1,91,2,3,1,1,9,0,14,4,1,24,1,3,20,6,3,6
38,0,152,2,10,5,983,0,85,3,2,7,2,1,1,13,2,0,6,1,3,5,3,1,3
41,2,427,0,10,0,731,1,73,2,5,3,0,3,0,15,2,3,23,2,2,21,6,12,6
54,2,971,1,1,3,1422,0,54,3,4,5,2,6,0,19,4,0,29,3,2,20,7,12,7
50,2,1046,1,10,5,491,1,100,2,3,0,2,6,0,15,4,0,20,2,3,4,3,1,3
38,2,433,0,1,0,1152,1,37,4,1,1,1,1,0,13,4,1,7,2,4,7,6,5,0
29,2,469,2,10,3,1650,1,42,2,2,7,2,9,0,11,3,0,8,2,3,5,2,1,4
45,2,1385,1,20,3,372,1,79,3,4,0,1,0,1,14,2,0,21,2,3,20,7,4,10
27,2,1302,1,19,4,1619,1,67,2,1,2,0,1,0,11,1,2,7,3,3,7,7,0,7
22,2,581,1,1,1,2007,1,63,3,1,6,2,0,0,12,4,0,4,2,4,3,2,1,2
55,0,444,1,2,3,1074,1,40,2,4,3,2,7,0,15,2,0,31,3,4,9,7,6,2
38,2,723,2,2,2,1835,0,77,1,2,8,1,2,1,20,1,2,20,4,2,4,2,0,3
43,1,559,1,10,1,448,0,82,2,2,2,0,1,0,11,2,1,9,3,4,9,7,0,0
27,2,269,1,5,5,844,1,42,2,3,5,0,1,1,16,2,1,9,3,3,9,8,0,8
54,2,1082,2,2,1,1070,0,41,2,3,7,1,6,0,11,2,1,13,4,3,9,4,7,0
32,2,1373,1,5,1,1966,1,56,2,2,4,2,8,0,24,2,0,8,1,3,1,0,0,0
39,2,1162,2,3,3,445,0,41,3,2,7,1,4,1,18,1,0,12,3,2,1,0,0,0
42,0,495,1,2,1,1334,1,37,3,4,3,1,0,1,13,4,0,21,3,2,20,8,2,10
51,1,968,1,6,3,1297,0,40,2,1,2,2,0,0,14,2,0,8,6,2,7,0,7,7
46,2,1254,2,10,1,1869,0,64,3,3,7,1,5,0,21,3,3,14,2,3,8,7,0,7
48,2,530,2,29,3,473,0,91,3,3,3,1,3,0,21,2,1,15,3,1,0,0,0,0
59,2,1324,1,3,3,10,0,81,4,1,2,1,4,1,20,1,3,12,3,2,1,0,0,0
38,1,148,1,2,3,1675,0,42,2,1,2,2,1,0,22,2,0,4,3,3,4,3,3,3
21,0,895,2,9,3,484,1,39,3,1,8,2,1,0,24,3,0,3,3,2,3,2,2,2
34,2,665,1,6,4,138,0,41,3,2,6,2,1,0,14,3,0,16,3,3,16,13,2,10
36,2,1383,1,10,1,1790,1,90,3,3,0,1,7,1,13,4,1,15,1,3,12,8,5,7
50,2,813,1,17,1,1656,0,50,2,3,5,0,5,0,15,3,3,19,3,3,14,11,1,11
33,0,1038,2,8,1,1044,0,88,2,1,8,2,0,0,19,4,0,3,2,2,2,2,2,2
43,1,807,1,17,5,1767,1,38,2,1,6,1,9,1,16,4,1,6,4,3,1,0,0,0
29,2,598,1,9,1,1558,1,91,4,1,6,1,6,0,18,1,2,5,2,2,1,0,0,0
40,2,1194,1,2,3,2051,0,98,3,1,6,1,2,0,14,2,3,20,2,3,5,3,0,2
36,2,363,1,1,5,1237,0,77,1,3,4,0,2,1,21,3,1,17,2,3,7,7,7,7
42,2,557,1,18,1,1998,1,35,3,2,6,0,6,1,17,3,1,9,3,2,4,3,1,2
35,2,750,1,28,1,1596,1,46,4,2,2,1,1,0,17,4,2,10,3,2,10,9,6,8
51,1,541,2,2,2,1391,1,52,3,3,7,1,2,0,11,2,0,14,5,3,4,2,3,2
37,2,1115,1,1,1,77,1,51,2,2,4,0,1,0,18,3,1,7,2,4,7,5,0,7
46,2,1003,1,8,1,1080,0,74,2,2,6,0,8,1,23,1,3,19,2,3,16,13,1,7
31,2,691,2,7,2,438,1,73,3,2,7,0,4,0,12,4,3,13,3,3,7,7,1,7
31,0,697,1,10,3,1979,0,40,3,3,5,1,4,0,20,3,1,13,2,4,11,7,4,8
34,2,1346,1,19,3,18,1,93,3,1,2,0,0,0,11,3,1,3,2,3,2,2,1,2
40,2,1300,1,24,5,335,1,62,3,2,6,0,1,0,17,1,2,9,3,3,9,8,4,7
28,2,1179,1,19,3,1216,1,78,2,1,2,1,1,0,12,3,3,6,2,3,6,5,3,3
29,2,992,1,1,5,300,1,85,3,1,6,2,0,0,14,4,0,7,1,2,6,2,1,5
34,1,735,1,22,4,1932,1,86,2,2,6,1,1,1,15,2,0,16,3,3,15,10,6,11
44,0,981,1,5,1,1471,1,90,2,1,2,2,3,0,14,4,0,7,5,3,5,2,0,3
53,2,868,2,8,2,897,1,73,3,4,7,1,5,0,14,3,1,28,3,3,2,0,2,2
55,2,1136,1,1,3,1424,1,81,4,4,5,0,2,0,13,4,2,31,4,4,7,7,0,0
29,2,896,1,18,3,315,1,86,2,1,6,2,1,1,13,3,0,4,3,2,4,3,0,1
31,0,325,1,5,3,2057,1,74,3,2,4,2,0,0,19,2,0,10,2,3,9,4,1,7
43,2,990,1,27,5,1599,1,87,4,1,2,0,5,0,12,3,1,8,0,3,6,4,0,2
32,2,117,2,13,1,859,1,73,3,2,7,0,2,0,11,3,1,8,3,2,5,2,0,3
36,1,635,1,18,3,286,0,73,3,1,2,2,1,0,13,1,0,8,2,3,8,1,1,7
28,2,760,2,2,2,846,0,81,3,2,7,1,1,1,20,1,0,8,2,3,8,7,7,5
46,2,991,0,1,1,1314,0,44,3,1,1,2,6,0,12,3,0,10,3,4,7,6,5,7
51,2,1323,1,4,1,1081,1,34,3,1,6,1,9,1,12,3,3,18,2,4,10,0,2,7
49,1,279,1,8,1,2,1,61,2,2,6,1,1,0,23,4,1,10,3,3,10,7,1,7
25,2,1356,2,10,1,1240,1,57,3,2,7,2,0,0,14,2,0,5,4,3,4,3,1,1
42,2,469,1,2,3,1109,1,35,3,4,3,1,0,0,17,4,1,23,3,3,22,6,13,7
29,2,1210,2,2,3,366,1,78,2,2,7,1,2,0,19,2,2,10,2,3,0,0,0,0
41,0,552,0,4,0,1722,1,60,1,2,1,1,6,0,19,2,1,10,4,3,3,2,1,2
41,2,918,2,6,2,1708,1,35,3,3,7,2,1,0,12,2,0,10,3,3,10,8,8,7
42,1,458,1,26,3,1242,0,60,3,3,5,1,3,1,17,3,0,20,6,3,1,0,0,0
33,0,530,2,16,1,1681,0,36,3,2,7,0,1,1,25,3,1,7,2,3,6,5,1,2
32,2,1093,2,6,3,125,1,87,3,2,7,2,1,0,16,1,0,12,0,3,11,8,5,7
32,2,414,2,2,2,1862,1,82,2,2,7,2,7,1,12,3,0,7,3,2,2,2,2,2
58,1,1216,1,15,1,1837,1,87,3,4,5,1,2,1,14,2,0,23,3,3,2,2,2,2
55,2,1229,1,4,1,1501,1,30,3,2,0,1,0,1,16,2,0,4,2,3,3,2,1,2
28,2,857,1,10,4,1097,0,59,3,2,6,2,3,0,13,4,0,10,4,4,8,7,1,7
41,2,1276,2,2,1,625,0,91,3,4,3,1,7,0,16,2,1,22,2,3,18,16,11,8
44,0,489,1,23,3,132,1,67,3,2,2,1,4,0,12,3,1,17,3,4,3,2,1,2
32,2,964,2,1,1,1734,1,34,1,2,7,2,6,0,15,2,0,10,2,3,0,0,0,0
49,2,1495,1,5,5,1473,1,96,3,2,0,1,2,0,14,2,1,20,0,2,3,2,1,2
33,1,553,1,5,1,428,0,74,3,3,3,1,6,0,11,2,2,12,2,3,10,6,8,8
37,2,1439,1,4,1,1394,1,54,3,1,6,1,7,1,15,4,0,8,2,3,6,4,1,3
35,2,1224,2,7,1,1962,0,55,3,2,7,1,1,1,11,4,0,10,2,3,10,8,0,9
40,0,663,1,9,4,1449,1,81,3,2,2,0,3,0,11,3,2,11,2,4,8,7,0,7
22,2,594,1,2,5,169,1,100,3,1,2,1,0,0,14,3,1,3,2,3,2,1,2,1
36,2,172,1,4,1,1435,1,37,2,2,2,2,1,0,16,3,0,10,2,2,10,4,1,8
53,2,238,2,1,3,682,0,34,3,2,7,2,7,0,20,4,0,18,2,4,14,7,8,10
37,0,1413,1,5,5,1440,1,84,4,1,2,2,0,0,14,1,0,7,2,1,6,5,1,3
45,0,1052,2,6,3,302,0,57,2,3,7,2,6,0,12,4,0,23,2,3,19,7,12,8
38,2,1084,1,29,5,273,1,54,3,2,4,1,3,0,18,1,1,9,3,1,7,7,1,7
19,2,489,0,2,5,566,1,52,2,1,1,2,1,0,12,3,0,1,3,4,1,0,0,0
33,0,750,2,22,2,160,1,95,3,2,7,1,0,0,13,1,1,8,2,4,7,7,0,7
40,2,1308,1,14,3,1128,1,44,2,5,5,2,1,0,14,1,0,21,2,4,20,7,4,9
50,2,1207,1,28,3,716,1,74,4,1,2,1,1,1,11,3,3,20,3,3,20,8,3,8
25,2,383,2,9,1,1439,1,68,2,1,8,1,3,0,12,1,0,6,2,3,3,2,2,2
34,0,1381,2,4,2,523,0,72,3,2,7,1,9,0,15,1,1,6,3,3,3,2,1,2
40,2,369,1,8,1,1724,0,92,3,2,4,1,2,1,16,2,1,18,3,3,1,0,0,0
39,0,105,1,9,1,2022,1,87,3,5,3,2,2,0,13,3,0,21,3,2,6,0,1,3
35,2,1343,1,27,3,856,0,53,2,1,6,2,1,0,11,4,0,6,3,2,6,5,1,1
32,2,495,1,10,3,1516,1,64,3,3,3,2,2,0,25,2,0,10,5,4,5,2,0,0
30,2,570,2,5,2,456,0,30,2,2,7,0,1,0,13,3,3,10,2,3,10,9,1,2
24,0,830,2,13,1,1495,0,78,3,1,8,1,1,0,13,3,1,1,2,3,1,0,0,0
39,2,895,2,5,5,42,1,56,3,2,8,1,3,0,14,3,1,19,6,4,1,0,0,0
45,2,176,0,4,1,1744,0,56,1,3,1,1,4,0,21,3,2,9,2,4,5,0,0,3
34,1,658,1,7,1,147,1,66,1,2,2,2,1,1,24,4,0,9,3,3,9,7,0,6
34,2,970,1,8,3,757,0,96,3,2,0,2,3,0,11,4,0,10,2,3,5,1,4,3
25,2,867,2,19,2,952,1,36,2,1,8,1,1,1,18,3,3,1,2,3,1,0,0,0
36,2,430,1,2,4,1847,0,73,3,2,6,1,4,1,22,4,1,15,2,3,1,0,0,0
42,2,647,2,4,2,1171,1,45,3,2,7,2,7,0,13,4,0,9,3,4,6,4,1,5
36,2,311,1,7,1,1659,1,77,3,1,2,2,2,0,11,3,0,15,4,3,4,3,1,3
46,0,1144,1,7,3,487,0,30,3,2,4,1,2,0,14,3,0,7,2,4,1,0,0,0
40,0,458,1,16,1,1340,1,74,3,1,6,0,9,0,16,2,1,6,0,3,4,2,0,0
54,2,685,1,3,1,1250,1,85,3,4,5,1,3,0,14,1,0,36,2,3,10,9,0,9
34,2,258,2,21,1,621,1,74,4,2,7,2,1,0,12,4,0,10,3,3,10,7,5,7
32,2,529,1,2,5,2038,1,78,3,1,6,2,1,0,14,4,0,4,4,3,4,2,1,2
35,2,992,1,1,3,1564,1,68,2,1,2,2,1,0,19,2,0,3,3,3,3,0,1,2
26,2,683,1,2,3,1407,1,36,2,1,6,2,0,0,12,4,0,5,2,3,4,3,1,1
40,2,299,2,25,2,1318,1,57,2,3,7,2,2,1,12,3,0,9,2,3,5,4,1,0
27,2,1291,2,11,3,1364,0,98,4,1,8,1,8,0,14,2,1,5,4,3,1,0,0,0
34,1,829,1,15,3,1485,1,71,3,4,5,0,7,0,14,4,2,16,3,2,14,8,6,9
48,2,715,1,1,1,1263,1,76,2,5,5,2,6,0,12,3,0,25,3,4,1,0,0,0
35,2,1232,2,16,2,406,1,96,3,3,7,1,0,0,15,3,2,12,3,2,11,9,6,9
43,2,1273,1,2,3,46,0,72,4,1,6,0,1,0,12,4,2,6,3,2,5,3,1,4
29,2,1378,1,13,4,2053,1,46,2,2,2,1,4,1,13,1,1,10,2,3,4,3,0,3
34,2,254,1,1,1,649,1,83,2,1,6,1,1,1,13,4,1,6,3,3,6,5,1,3
58,2,848,1,23,1,1308,1,88,3,1,6,0,1,0,12,4,2,2,3,3,2,2,2,2
28,2,950,1,3,3,1121,0,93,3,3,4,0,0,0,17,2,3,10,3,2,9,7,1,7
36,2,559,1,12,1,1614,0,76,3,2,4,1,9,1,12,2,2,7,2,3,3,2,1,1
30,2,288,1,2,1,117,1,99,2,2,0,1,1,0,19,1,3,11,3,3,11,10,10,8
35,2,776,2,1,2,100,1,32,2,2,7,2,0,0,14,2,0,16,2,3,15,13,2,8
26,2,192,1,1,3,1083,1,59,2,1,2,1,1,0,16,1,2,6,2,3,5,3,1,3
26,2,950,2,4,2,401,1,48,2,2,7,2,1,1,12,2,0,8,0,3,8,7,7,4
46,2,150,1,2,5,1228,1,60,3,2,4,0,2,0,11,3,1,12,3,2,6,3,1,4
46,2,1450,1,15,1,1217,1,52,3,5,5,1,5,0,11,1,1,25,2,3,4,2,0,3
33,2,527,1,1,4,780,1,63,3,1,6,2,1,1,13,3,0,10,2,2,10,9,7,8
18,1,1306,2,5,2,614,1,69,3,1,8,2,1,1,14,4,0,0,3,3,0,0,0,0
42,2,1059,1,9,4,1595,1,93,2,5,3,2,8,0,22,4,0,24,2,3,1,0,0,1
33,2,813,1,14,3,325,1,58,3,1,2,1,5,1,13,3,1,8,2,1,5,4,0,4
31,1,523,1,2,1,1464,1,94,3,1,2,1,6,1,13,3,1,7,2,1,2,2,2,2
49,2,464,1,16,3,1674,0,74,3,1,2,0,4,1,16,2,1,17,2,2,2,2,2,2
29,2,1082,1,9,3,1709,0,43,3,1,2,1,9,0,17,3,1,9,2,3,5,3,1,2
53,2,346,1,6,1,769,1,86,3,2,2,2,2,0,17,4,0,19,4,3,2,2,2,2
35,2,1219,2,18,3,975,0,86,3,2,7,1,1,0,16,2,0,5,3,3,5,2,1,0
49,1,1064,1,2,1,1941,1,42,3,5,5,1,3,0,15,4,0,28,3,3,5,4,4,3
28,0,280,0,1,1,1858,1,43,3,1,1,0,1,0,15,2,1,3,2,3,3,2,2,2
33,1,1111,2,5,1,1395,1,61,3,2,7,1,6,0,13,1,0,8,2,4,5,4,1,2
30,2,1427,1,2,3,198,1,35,2,1,2,2,0,0,13,4,0,6,3,3,5,3,1,2
30,2,438,1,18,1,194,0,75,3,1,6,2,1,0,14,3,0,5,4,2,5,4,0,4
45,1,306,2,26,1,684,0,100,3,2,7,1,2,0,14,4,2,5,4,3,1,1,0,0
27,2,205,2,10,2,1403,0,98,2,2,7,1,1,1,11,4,0,6,3,3,6,2,4,4
51,2,432,1,9,1,116,1,96,3,1,2,1,3,0,23,2,2,10,4,3,4,2,0,3
48,2,626,1,1,1,64,1,98,2,3,2,2,9,1,13,4,0,23,2,3,1,0,0,0
41,2,1411,1,19,1,334,1,36,3,2,6,0,2,0,16,1,2,17,2,2,1,0,0,0
47,1,217,2,3,3,746,0,49,3,4,7,0,9,1,12,4,2,28,2,2,22,2,11,13
53,2,1376,2,2,3,981,1,45,3,4,3,0,6,0,13,3,1,22,3,4,17,13,15,2
60,2,1179,2,16,2,732,1,84,3,2,7,2,8,0,14,4,0,10,1,3,2,2,2,2
55,1,135,1,18,3,1034,1,62,3,2,0,1,3,1,14,4,2,17,3,3,8,7,6,7
35,0,1225,1,2,1,771,0,61,3,2,0,0,2,0,11,1,1,16,2,4,1,0,0,0
41,2,549,1,7,3,1025,0,42,3,2,4,2,6,0,14,2,0,8,6,3,2,2,2,1
24,1,1287,1,7,1,647,0,55,3,1,2,1,1,1,16,4,1,6,4,3,6,3,1,2
46,2,406,2,3,2,1124,1,52,3,4,3,1,3,0,12,4,1,23,3,3,12,9,4,9
38,2,1321,2,1,1,1995,1,86,3,2,7,1,0,0,15,1,2,16,3,3,15,13,5,8
54,1,1050,1,11,3,1520,0,87,3,4,3,0,3,0,20,1,1,26,2,3,14,9,1,12
52,0,715,1,19,3,791,1,41,3,1,6,1,0,0,18,1,1,5,3,3,4,3,1,2
31,2,746,1,8,1,98,0,61,3,2,4,2,1,0,23,4,0,11,2,3,11,7,1,8
18,0,247,1,8,3,1156,1,80,3,1,2,2,1,0,12,4,0,0,0,3,0,0,0,0
44,2,170,1,1,1,1903,1,78,4,2,0,1,2,0,15,4,1,10,5,3,2,0,2,2
39,2,1498,2,21,1,1390,1,44,2,2,7,1,3,1,12,4,2,8,2,4,5,4,1,4
29,0,746,2,2,1,469,1,61,3,2,7,1,1,0,14,1,1,4,3,2,4,3,0,2
29,2,232,1,19,5,611,1,34,3,2,4,0,4,0,12,2,2,8,2,4,3,2,1,2
30,2,1092,1,10,3,1816,0,64,3,3,4,2,9,0,14,2,0,9,3,3,7,7,0,2
40,1,902,1,26,3,1180,0,92,2,2,6,1,3,1,13,4,1,16,3,1,1,1,0,0
41,2,548,1,9,1,1772,1,94,3,1,2,0,1,0,20,2,2,5,2,3,5,3,0,4
35,2,104,1,2,1,1569,0,69,3,1,2,0,1,1,12,4,1,1,2,3,1,0,0,0
42,2,188,1,29,3,1148,1,56,1,2,2,2,4,0,19,1,0,16,3,3,1,0,0,0
53,2,1223,1,7,3,1201,0,50,3,5,3,0,3,0,18,2,1,26,6,3,7,7,4,7
47,1,719,2,27,1,785,0,77,4,2,7,2,4,1,12,4,0,8,2,3,5,4,1,3
43,2,177,1,8,1,920,0,55,3,2,4,0,4,0,21,3,1,4,2,4,1,0,0,0
28,2,103,1,24,1,19,1,50,2,1,2,2,5,1,14,2,0,6,4,3,4,2,0,3
36,1,1302,1,6,1,1594,1,80,4,2,2,1,3,1,13,4,1,9,3,3,3,2,0,2
28,2,1083,1,29,1,1514,1,96,1,2,4,1,1,0,14,2,2,8,2,2,8,6,1,7
34,2,131,2,2,2,1281,0,86,3,2,7,2,0,1,12,4,0,4,3,3,3,2,0,2
51,1,1150,1,8,1,179,1,53,1,3,4,2,2,0,15,4,0,18,2,3,4,2,0,3
30,2,1275,1,28,3,441,0,64,3,2,6,1,1,0,13,4,2,11,2,3,10,8,1,9
30,2,911,1,1,3,1989,1,76,3,1,2,1,1,0,13,3,0,12,6,2,12,8,1,7
29,1,410,1,2,1,1513,0,97,3,1,2,1,0,0,13,3,3,4,3,3,3,2,0,2
33,2,603,2,9,2,1157,0,77,3,2,7,2,0,1,17,1,0,6,3,3,5,2,0,3
41,1,143,2,4,2,488,1,56,3,2,7,2,1,0,18,3,0,8,5,3,8,7,7,7
24,2,813,1,1,3,45,1,61,3,1,6,1,2,1,16,1,1,6,2,2,2,0,2,0
28,2,1217,1,1,3,1834,0,67,3,1,6,1,1,0,25,3,1,3,3,3,3,2,1,2
35,2,819,1,2,1,1182,1,44,2,3,4,0,2,0,18,2,1,15,2,4,7,7,6,4
25,2,882,1,19,3,1358,1,67,3,1,2,1,3,0,11,3,3,7,6,2,3,2,1,2
36,1,607,2,7,2,1362,0,83,4,2,7,1,2,0,16,4,1,17,2,2,15,7,6,13
27,2,1055,1,2,1,1027,0,47,3,2,4,1,0,0,18,2,1,4,2,3,3,2,2,2
33,2,924,1,2,3,39,1,78,3,1,2,2,4,0,11,4,0,7,3,3,1,1,0,0
30,2,1329,2,29,1,1211,1,61,3,2,7,0,8,0,19,3,3,8,3,3,4,3,0,3
42,1,570,1,8,1,809,1,66,3,5,3,0,1,0,13,2,1,24,4,2,24,7,14,9
37,2,783,1,7,3,1885,1,78,3,2,6,1,5,1,22,3,1,16,2,3,5,3,0,4
39,1,945,1,22,3,1043,0,82,3,3,4,2,1,1,13,3,0,21,2,3,21,6,2,8
34,0,697,1,3,1,1115,1,40,2,1,6,1,3,0,17,4,3,6,2,3,0,0,0,0
47,2,249,2,2,2,903,0,35,3,2,7,1,0,1,22,1,1,8,2,3,7,6,7,7
50,1,333,1,22,3,1539,1,88,1,4,5,2,1,1,13,4,0,32,2,3,32,6,13,9
26,2,572,2,10,3,1836,1,46,3,2,7,2,1,0,13,1,0,5,4,3,5,3,1,2
34,2,1239,2,13,3,1951,1,39,3,3,7,0,1,0,18,3,1,9,2,2,8,7,1,1
28,2,529,1,2,1,364,1,79,3,1,2,2,2,0,11,3,0,5,5,1,0,0,0,0
20,1,871,1,6,1,137,0,66,2,1,2,2,1,1,18,2,0,1,5,3,1,0,1,0
21,2,501,2,5,3,2021,1,58,3,1,8,2,1,1,11,4,0,2,6,3,2,2,1,2
35,2,538,1,25,4,652,1,54,2,2,2,2,4,0,14,4,0,9,3,3,3,2,0,2
20,2,500,2,2,3,922,0,49,2,1,8,2,1,0,13,4,0,2,3,2,2,2,0,2
29,2,441,1,8,4,1544,0,39,1,2,0,1,3,0,13,3,1,9,3,3,7,7,0,7
30,2,921,1,1,1,806,1,38,1,1,2,1,3,0,21,3,2,7,2,3,2,2,0,2
41,2,645,2,1,2,534,1,49,4,3,7,1,1,0,16,3,1,10,2,3,10,7,0,7
37,2,1017,1,1,3,340,0,83,2,1,6,1,2,0,14,1,1,17,2,2,3,1,0,2
21,2,337,2,7,2,1780,1,31,3,1,8,2,1,0,13,2,0,1,3,3,1,0,1,0
34,1,988,0,23,0,590,0,43,3,3,1,0,9,1,15,3,3,11,2,3,3,2,0,2
28,2,304,2,9,1,498,1,92,3,2,7,2,1,0,16,4,0,7,1,3,7,5,0,7
30,2,125,1,9,3,41,1,83,2,1,2,2,1,0,13,1,0,10,5,3,10,0,1,8
33,2,516,1,8,1,1515,1,69,3,2,0,2,2,1,17,1,0,14,6,3,0,0,0,0
40,2,1322,1,2,1,2048,1,52,2,1,6,2,2,0,14,4,0,8,2,3,2,2,2,2
56,2,1400,1,7,1,112,1,49,1,3,4,2,4,0,11,1,0,37,3,2,6,4,0,2
36,2,917,1,6,1,1221,1,60,1,1,2,0,1,0,14,3,1,7,4,3,7,7,1,7
19,2,1181,1,3,3,201,0,79,3,1,2,2,1,0,14,4,0,1,3,3,1,0,0,0
54,2,1147,2,3,2,303,0,52,3,2,7,1,2,0,14,4,1,16,4,3,6,2,0,5
50,2,869,2,3,2,47,1,86,2,1,8,1,1,1,14,3,0,3,2,3,3,2,0,2
42,0,926,1,21,3,270,0,36,3,2,4,0,2,0,16,2,1,11,5,3,5,3,0,2
41,1,1200,1,22,1,1392,0,75,3,2,6,0,3,1,14,1,2,12,4,2,6,2,3,3
36,2,928,2,1,1,857,1,56,3,2,7,1,1,1,14,4,1,18,1,2,18,14,4,11
31,2,359,0,18,0,1842,1,89,4,1,1,1,0,0,17,3,0,2,4,3,1,0,0,0
34,2,1354,1,5,3,153,0,45,2,3,3,2,2,0,12,4,0,14,6,3,11,10,5,8
34,0,967,1,16,5,1905,1,85,1,1,6,1,1,1,23,2,1,5,2,3,5,2,3,0
36,2,1218,2,9,1,27,1,82,2,1,8,2,7,0,23,2,0,10,4,3,5,3,0,3
32,1,116,1,13,4,1234,0,77,2,1,2,1,1,0,20,3,1,2,2,3,2,2,2,2
54,2,1441,1,17,5,1013,0,56,3,3,4,1,8,0,11,3,1,22,2,3,10,7,0,8
36,2,1174,2,3,2,1425,0,99,3,2,7,2,3,1,16,4,0,15,3,3,5,4,0,1
38,1,888,0,10,0,1563,1,71,3,2,1,1,3,0,11,3,0,10,2,3,6,3,1,2
34,2,1107,0,9,5,1467,0,52,3,1,1,1,1,0,15,4,0,2,0,3,2,2,2,2
55,0,177,1,8,3,1278,1,37,2,4,0,0,1,1,15,4,1,34,3,3,33,9,15,0
25,2,1219,1,4,5,1106,1,32,3,1,2,1,1,1,15,2,1,7,3,4,7,7,5,6
46,2,669,2,9,3,118,1,64,2,3,7,2,1,0,16,4,0,9,3,3,9,8,4,7
33,2,931,1,14,3,252,0,72,3,1,6,1,1,0,13,4,1,8,5,3,8,7,1,6
36,2,530,2,3,1,967,1,51,2,3,7,1,1,1,11,1,1,16,6,3,16,7,3,7
36,0,1229,2,8,5,990,1,84,3,2,7,0,4,0,13,4,2,12,3,3,7,7,0,7
25,2,1280,1,7,3,143,1,64,2,1,6,1,1,0,11,3,2,2,2,3,2,2,2,1
24,2,1476,2,4,3,1445,0,42,3,2,7,1,1,1,12,3,2,5,3,3,5,4,0,3
36,2,329,2,16,2,1436,0,98,2,2,7,1,4,0,13,1,2,11,3,2,3,2,0,2
36,2,557,2,3,3,2024,0,94,2,3,7,1,0,0,19,3,2,10,2,3,9,7,3,4
31,1,307,1,29,3,355,1,71,2,1,2,2,0,0,11,2,0,6,2,4,5,4,1,4
40,0,1142,1,8,1,1552,1,72,3,2,0,0,3,1,18,3,0,8,2,3,2,2,2,2
38,1,1186,1,3,4,1060,1,44,3,1,6,1,3,0,16,1,1,8,2,3,2,2,2,2
59,2,326,2,3,1,1254,0,48,2,2,7,2,5,0,17,4,0,13,2,3,6,1,0,5
37,2,1192,1,5,3,460,1,61,3,2,4,0,7,0,16,3,2,8,2,2,6,2,0,4
41,2,582,1,28,1,2034,0,60,2,4,4,1,0,0,23,3,1,21,3,3,20,7,0,10
37,2,1239,0,8,4,1794,1,89,3,2,1,0,2,0,13,3,0,19,4,2,10,0,4,7
31,2,408,1,9,1,493,1,42,2,1,6,2,0,1,16,4,0,3,5,3,2,2,2,2
31,1,853,1,1,1,1011,0,96,3,2,4,1,1,0,12,3,1,4,1,3,4,3,0,3
34,2,937,2,1,2,1950,1,32,3,3,7,2,1,0,21,1,0,14,3,2,14,8,2,1
60,2,422,1,7,1,549,0,41,3,5,3,1,5,0,11,4,0,33,5,1,29,8,11,10
30,2,1176,1,20,4,1084,1,85,3,2,4,1,0,0,15,3,1,7,1,2,6,2,0,2
34,1,560,1,1,4,1431,1,91,3,1,6,0,5,0,14,3,2,10,2,3,4,3,1,3
43,1,185,1,10,1,430,0,33,3,1,2,2,0,0,19,1,0,9,5,3,8,7,1,7
30,2,1082,2,12,5,533,0,83,3,2,7,2,0,0,11,2,0,6,6,3,5,4,4,4
34,1,234,1,9,1,1807,1,93,3,2,2,1,4,0,17,3,1,11,3,2,7,1,0,7
55,2,267,2,13,2,1372,1,85,4,4,7,2,6,1,17,3,0,24,2,2,19,7,3,8
37,2,558,2,2,2,656,1,75,3,2,7,1,4,1,11,3,1,17,3,2,3,0,1,0
36,2,1223,1,8,5,83,0,59,3,3,0,0,1,0,13,2,3,17,2,3,17,14,12,8
32,2,634,1,5,4,1607,0,35,4,1,6,1,3,0,17,4,2,6,3,3,3,2,0,2
43,2,574,1,11,1,1971,1,30,3,3,0,1,1,0,17,2,1,10,1,3,10,9,0,9
26,0,786,1,7,3,1693,1,76,3,1,2,2,1,0,20,3,0,7,5,3,7,7,5,7
30,2,501,2,27,2,747,1,99,3,2,7,0,7,0,23,4,1,10,2,2,8,7,7,7
39,2,1132,1,1,3,417,1,48,4,3,0,0,0,0,17,1,3,19,5,2,18,10,3,7
58,2,1272,1,5,5,940,0,37,2,3,0,0,2,1,13,4,1,24,3,3,6,0,0,4
33,2,461,1,13,1,995,0,53,3,1,6,2,3,0,18,1,0,5,4,3,3,2,0,2
22,2,253,1,11,3,511,0,43,3,1,6,1,1,0,13,4,1,2,1,3,2,1,1,2
35,2,1370,1,27,1,1728,1,49,3,2,4,1,2,0,16,2,1,17,3,3,7,7,0,7
34,2,546,1,10,1,934,1,83,3,1,2,0,1,0,14,2,2,1,3,3,1,0,1,0
24,2,1127,1,18,1,150,1,52,3,1,2,1,0,0,12,3,1,6,2,3,5,3,1,2
42,2,1142,1,8,1,1860,1,81,3,1,2,2,4,0,13,4,0,8,3,3,0,0,0,0
25,2,583,2,4,2,885,1,87,2,2,7,1,1,0,12,1,0,5,1,4,5,2,0,3
21,2,391,1,15,1,30,1,96,3,1,6,2,1,0,14,4,0,0,6,3,0,0,0,0
45,2,974,1,1,3,996,0,91,3,1,2,0,3,0,14,4,2,8,2,3,5,3,0,2
39,0,1485,1,25,1,1397,1,71,3,3,0,1,3,0,21,2,1,13,2,3,6,4,0,5
20,2,1141,2,2,3,1657,0,31,3,1,8,2,1,0,19,1,0,2,3,3,2,2,2,2
28,2,1451,1,2,1,1136,1,67,2,1,6,1,0,0,17,1,0,6,2,1,5,3,0,4
27,2,1377,2,2,1,437,1,74,3,2,7,2,1,1,11,1,0,5,3,3,5,4,0,4
32,2,548,1,1,1,96,1,66,3,2,6,1,1,0,17,2,2,10,3,3,10,4,0,9
35,2,1395,1,9,3,2008,1,48,3,2,6,2,1,0,19,2,0,10,5,3,10,7,0,8
40,1,530,1,1,1,119,1,78,2,4,0,1,1,0,22,4,1,22,3,2,22,3,11,11
29,2,224,1,1,5,1522,1,100,2,1,6,2,6,0,13,3,0,11,2,1,9,7,0,7
25,2,266,1,1,3,1303,0,40,3,1,6,2,1,0,18,4,0,2,3,2,2,2,2,1
36,2,1403,1,6,1,373,1,47,3,1,2,1,0,0,11,3,1,16,4,3,15,13,10,11
36,1,1195,1,11,1,85,1,95,2,2,4,2,1,0,13,3,0,6,3,3,6,5,0,3
35,2,882,2,3,1,984,1,92,3,3,7,0,6,0,13,2,1,12,2,3,10,9,0,8
43,1,1001,1,9,3,663,1,72,3,2,2,0,3,1,13,2,1,10,3,3,8,7,4,7
37,1,663,1,11,4,306,1,47,3,3,5,0,1,1,14,3,3,10,1,3,10,8,0,7
35,2,1402,2,28,1,1554,0,98,2,1,8,1,0,0,23,1,2,6,5,3,5,3,4,2
30,2,317,1,2,1,548,0,43,1,2,4,2,2,0,20,3,0,11,2,3,5,4,0,2
39,2,141,0,3,0,760,0,44,4,2,1,1,9,0,15,3,1,12,3,1,8,3,3,6
56,2,441,1,14,1,161,0,72,3,1,6,1,9,1,18,1,3,7,2,3,5,4,4,3
28,1,1496,2,1,5,1486,1,92,3,1,8,1,3,0,15,4,1,5,3,4,3,2,1,2
34,1,296,2,6,2,555,0,33,1,1,8,0,0,0,16,4,1,3,3,2,2,2,1,0
31,2,326,2,8,1,1453,1,31,3,3,7,0,1,0,18,1,1,13,5,3,13,7,9,9
32,2,374,1,25,1,911,1,87,3,1,2,2,1,1,24,3,0,1,2,1,1,0,0,1
38,2,322,2,7,3,382,0,44,4,2,7,0,1,1,24,3,1,8,3,3,8,0,7,7
42,0,335,1,23,1,1976,1,37,2,2,6,2,1,0,12,4,0,20,2,3,20,9,3,7
34,2,181,1,2,3,1755,1,97,4,1,6,1,0,1,14,1,3,6,3,3,5,0,1,2
48,1,365,1,4,3,1644,1,89,2,4,3,1,2,0,25,2,1,23,3,3,2,2,2,2
25,2,1372,2,18,1,1399,1,93,4,2,7,1,2,0,11,2,0,6,3,2,3,2,1,2
37,2,799,1,1,5,623,0,59,3,3,4,2,4,0,17,4,0,12,3,4,6,5,1,2
29,1,490,1,10,1,1143,0,61,3,1,6,0,0,0,14,4,2,8,2,2,7,5,1,1
39,2,867,1,9,3,1936,1,87,3,2,4,1,1,0,25,4,1,10,3,3,10,0,7,9
22,2,217,1,8,1,1019,1,94,1,1,2,1,1,0,15,1,1,4,3,2,4,3,1,1
42,2,635,2,1,1,387,1,99,3,2,7,1,1,0,25,3,0,20,3,3,20,16,11,6
32,2,499,2,2,2,1396,1,36,3,2,7,1,0,1,13,1,3,4,3,2,3,2,1,2
35,1,1182,2,11,2,1137,1,54,3,2,7,0,1,0,11,4,1,5,3,3,5,2,0,2
31,2,1365,2,13,3,650,1,46,3,2,7,0,2,0,17,3,0,9,2,1,3,1,1,2
50,2,410,2,28,2,2055,1,39,2,3,7,0,4,1,13,2,1,20,3,3,3,2,2,0
55,2,1117,2,18,1,597,0,83,3,4,3,2,3,0,23,4,0,37,2,3,10,9,7,7
58,2,601,1,7,3,1360,0,53,2,3,4,1,7,1,14,4,0,31,0,2,10,9,5,9
35,2,982,1,1,3,1172,1,58,2,1,2,1,6,0,12,2,1,10,2,3,8,0,1,7
29,1,995,1,2,1,1590,1,87,3,2,0,0,1,0,19,4,1,6,0,4,6,4,1,3
27,2,135,1,17,1,1405,0,51,3,1,6,2,1,1,13,4,0,8,2,3,8,2,7,7
27,1,294,1,10,1,733,1,32,3,3,4,0,1,0,21,3,2,9,4,2,9,7,1,7
37,2,1141,1,11,3,1033,0,61,1,2,0,1,5,0,15,1,0,15,2,1,1,0,0,0
35,2,622,1,14,4,1010,1,39,2,1,2,0,1,1,24,4,1,5,2,1,4,2,0,2
53,0,661,1,1,3,1775,0,60,2,4,4,1,4,1,20,4,3,27,2,2,3,2,0,2
33,2,922,1,1,3,612,0,95,4,4,5,0,4,0,19,3,1,10,2,3,6,1,0,5
18,2,230,1,3,1,405,1,54,3,1,2,2,1,0,13,3,0,0,2,3,0,0,0,0
30,2,852,2,10,2,1179,1,72,2,2,7,1,1,0,18,1,1,10,3,3,10,3,1,4
34,2,1130,1,3,1,1658,0,66,3,2,6,0,1,0,12,3,1,11,2,3,11,8,7,9
38,1,594,1,2,3,1760,0,75,2,1,2,1,4,0,14,2,1,9,4,2,6,1,0,5
40,2,555,1,2,3,521,0,78,2,2,2,1,6,0,22,2,1,20,3,3,1,0,0,0
36,1,541,2,3,3,481,1,48,2,3,7,1,4,0,11,1,1,16,2,3,13,9,1,12
44,1,1193,1,2,3,1496,1,86,3,3,4,2,5,1,18,2,0,16,2,2,2,2,2,2
29,2,153,1,15,1,15,0,49,2,2,2,2,0,1,12,4,0,10,3,3,9,5,0,8
57,2,593,1,1,3,482,1,88,3,2,0,1,2,0,11,3,0,15,2,3,3,2,1,2
38,2,827,1,1,1,724,0,33,4,2,0,2,0,0,13,3,0,10,4,2,9,7,1,8
31,1,874,1,15,3,1160,1,72,3,1,2,1,1,0,12,3,1,2,5,2,2,2,2,2
40,2,302,1,6,1,601,0,75,3,4,4,2,7,0,15,3,0,22,3,3,20,6,5,13
37,2,290,1,21,1,267,1,65,4,1,6,1,1,1,12,1,1,8,3,2,8,7,1,7
42,2,419,2,12,2,1943,1,77,3,2,7,0,3,1,12,3,2,14,4,3,0,0,0,0
49,1,1023,2,2,3,2065,1,63,2,2,7,1,2,0,14,4,0,17,3,2,9,6,0,8
59,2,715,1,2,1,1032,0,69,2,4,4,2,3,1,13,1,0,30,4,3,5,3,4,3
35,2,660,2,7,1,1492,1,76,3,1,8,1,1,0,13,1,1,1,3,3,1,0,0,0
55,2,111,2,1,1,106,1,70,3,3,7,1,3,0,14,4,1,24,4,3,1,0,1,0
23,2,541,2,2,5,113,1,62,3,1,8,0,3,0,13,3,1,3,3,3,0,0,0,0
46,2,526,2,1,2,244,0,92,3,3,7,0,1,0,25,3,3,24,2,3,24,13,15,7
33,2,1242,2,8,1,1560,1,46,3,2,7,1,2,0,13,4,1,8,6,1,2,2,2,2
43,2,244,0,2,1,1778,1,97,3,1,1,2,0,0,13,2,0,10,5,3,9,7,1,8
19,2,645,1,9,1,1193,1,54,3,1,6,2,1,0,25,3,0,1,4,3,1,1,0,0
32,2,906,2,7,1,420,1,91,2,2,7,1,1,0,14,3,1,13,3,2,13,8,4,8
39,2,492,1,12,3,1654,1,66,3,2,4,1,4,0,21,3,0,7,3,3,5,4,1,0
34,2,511,2,3,1,1779,0,32,1,2,7,2,5,0,12,1,0,6,3,3,2,2,2,2
45,2,561,2,2,4,606,1,61,3,2,7,1,0,0,19,2,1,9,3,4,8,7,3,7
29,2,1090,2,10,2,766,1,83,3,1,8,0,1,0,14,4,2,2,2,3,2,2,2,2
30,1,600,0,8,0,1747,0,66,2,1,1,0,6,0,11,3,1,6,0,2,4,2,1,2
36,2,188,1,7,4,949,1,65,3,1,6,2,2,0,18,3,0,8,6,3,6,2,0,1
32,2,1045,2,4,3,291,1,32,1,3,7,1,1,0,11,3,0,14,2,2,14,8,9,8
29,2,1247,2,20,2,349,1,45,3,2,7,0,2,0,14,4,1,10,2,3,3,2,0,2
42,1,555,2,26,2,404,0,77,3,4,7,1,5,0,14,4,1,23,2,4,20,4,4,8
46,2,1125,2,10,2,580,0,94,2,3,7,1,2,1,19,3,1,15,3,3,3,2,1,2
45,0,336,2,26,2,1612,1,52,2,2,7,1,1,0,15,1,1,10,2,3,10,7,4,5
29,2,1283,1,23,1,495,1,54,3,1,6,2,9,0,16,4,0,6,4,3,3,2,1,2
48,1,117,1,22,3,1900,0,58,3,4,3,0,3,0,11,2,1,24,3,3,22,17,4,7
37,1,319,2,4,2,311,1,41,3,1,8,0,4,0,17,3,1,13,2,3,9,8,5,8
50,2,804,1,9,1,1030,1,64,3,1,2,1,4,0,18,2,0,8,5,3,1,0,0,0
33,2,147,1,4,3,305,0,47,2,1,6,1,6,0,21,4,0,7,3,3,3,2,1,1
32,1,1005,1,2,1,8,1,79,3,1,2,2,0,0,13,3,0,8,2,2,7,7,3,6
37,2,446,1,1,1,635,0,65,3,2,4,1,6,0,12,2,1,8,2,2,6,5,4,3
35,2,1137,1,21,1,942,0,51,3,2,0,1,1,1,25,4,1,10,2,1,10,6,0,7
33,1,970,2,7,1,1114,0,30,3,2,7,1,0,0,17,3,1,4,3,3,3,2,0,2
49,1,1475,1,28,1,1420,1,97,2,2,2,2,3,0,20,1,0,20,2,3,4,3,1,3
40,1,1469,1,9,3,964,1,35,3,1,6,0,8,1,14,4,1,3,2,3,1,1,0,0
56,1,906,2,6,1,532,0,86,4,4,7,1,9,0,11,4,3,36,0,2,7,7,7,7
59,2,1429,1,18,3,1283,1,67,3,3,4,2,6,0,12,4,0,25,6,2,9,7,5,4
40,0,1094,2,28,4,615,1,58,1,3,7,0,3,0,15,3,1,20,2,3,1,0,0,1
36,0,635,2,10,3,592,1,32,3,3,7,2,1,0,14,4,0,10,3,2,10,3,9,7
47,0,1169,1,14,5,1934,1,64,3,2,6,1,8,0,18,3,1,16,4,4,8,7,1,7
51,2,770,0,5,1,1352,1,84,3,4,3,0,1,1,11,2,1,33,2,3,33,9,0,10
40,1,1184,2,2,3,1212,1,62,3,2,7,1,5,0,12,4,3,5,2,3,0,0,0,0
45,2,1268,2,4,1,240,0,30,3,2,7,0,4,1,11,1,1,9,3,4,5,4,0,3
30,2,634,1,17,3,1321,0,95,3,3,3,1,1,1,23,4,2,9,2,3,9,1,0,8
37,2,571,1,10,1,802,0,82,3,1,6,0,0,1,13,2,2,6,3,2,5,3,4,3
32,2,427,1,1,3,78,1,33,3,2,4,1,1,1,22,2,1,9,3,3,9,8,7,8
46,2,563,2,1,1,1602,1,56,4,4,3,2,1,0,15,2,0,27,5,1,26,0,0,12
44,2,986,1,8,1,874,1,62,4,1,2,1,2,1,24,3,1,10,2,2,3,2,0,2
28,2,1300,1,17,3,536,1,79,3,2,2,0,1,0,12,4,1,10,2,3,10,0,1,8
38,2,1404,2,1,1,1961,1,59,2,1,8,2,4,0,14,1,0,20,3,2,1,0,0,0
21,2,996,1,3,3,379,1,100,2,1,6,2,1,0,17,1,0,3,4,4,3,2,1,0
30,2,855,2,7,2,1428,0,73,3,2,7,0,7,0,14,2,2,8,3,3,3,2,0,2
43,1,313,1,21,3,525,1,61,3,1,2,1,7,0,20,1,1,8,1,3,3,2,1,2
33,2,217,2,10,2,1924,1,43,3,2,7,2,1,0,14,2,0,10,2,2,10,4,0,9
59,2,1089,2,1,5,1048,1,66,3,3,3,1,3,1,14,3,1,14,1,1,6,4,0,4
31,1,715,2,2,4,1613,1,54,3,2,7,2,7,0,13,4,0,10,3,3,5,2,0,3
32,0,862,2,2,1,1190,0,76,3,1,8,0,1,0,12,3,3,1,3,3,1,0,0,0
44,2,921,1,2,1,1703,0,96,4,3,0,1,1,1,19,2,1,9,2,3,8,7,6,7
32,2,515,1,1,1,331,1,62,2,1,2,2,0,1,14,4,0,4,2,1,3,2,1,2
25,1,772,1,2,1,1653,1,77,4,2,4,0,1,0,17,3,2,7,6,3,7,7,0,7
26,2,1330,1,21,3,1107,1,37,3,1,2,0,1,0,20,3,1,1,0,2,1,1,0,0
35,1,146,1,2,3,1704,1,79,2,1,6,2,0,1,14,3,0,6,2,4,5,4,1,4
47,2,703,2,14,2,728,1,42,3,2,7,2,2,0,12,4,0,20,2,3,7,7,1,7
21,2,984,1,1,5,1131,0,70,2,1,6,2,1,1,11,3,0,2,6,4,2,2,2,2
34,2,204,2,14,5,666,0,31,3,1,8,0,1,1,18,4,2,8,3,3,8,2,0,6
50,2,1099,1,29,1,569,1,88,2,4,3,1,0,0,15,2,1,28,2,3,27,10,15,7
39,2,466,1,1,1,1026,0,65,2,4,4,1,1,0,16,3,1,21,3,3,21,6,11,8
51,1,1456,1,1,3,145,0,30,2,3,0,2,3,0,20,3,0,23,1,2,13,12,12,8
35,2,1276,1,16,1,586,1,72,3,3,0,1,4,1,12,3,0,10,2,3,8,7,0,0
59,2,142,1,3,1,309,1,70,2,1,6,1,3,0,17,1,1,7,6,3,1,0,0,0
31,0,979,1,1,3,308,1,90,1,2,4,1,0,0,12,4,1,6,2,3,5,4,1,4
35,2,737,2,10,3,1639,1,55,2,3,7,1,9,0,17,3,0,15,3,3,13,12,6,0
43,0,343,1,9,1,1813,1,52,3,1,6,2,4,0,13,3,0,7,2,2,3,2,1,2
42,2,269,1,2,3,351,0,56,2,1,2,0,0,1,11,3,1,10,4,3,9,6,7,8
41,0,247,1,7,1,1035,0,55,1,5,5,0,1,0,22,2,2,21,3,3,21,16,5,10
36,2,1041,0,13,0,829,1,36,3,1,1,1,4,0,13,2,1,8,2,3,5,2,0,4
38,2,849,1,25,1,421,0,81,2,3,5,1,3,0,17,3,1,19,2,3,10,8,0,1
33,2,586,2,1,3,855,1,48,4,2,7,0,1,0,22,1,1,9,5,3,9,8,0,8
54,2,584,1,22,3,1665,0,91,3,4,3,1,3,0,25,3,1,36,6,3,10,8,4,7
55,2,836,1,8,3,84,0,33,3,4,3,0,2,1,14,3,3,21,2,3,5,0,0,2
36,2,335,2,17,2,1908,1,33,2,2,7,1,2,0,16,3,2,12,1,1,4,2,1,3
43,1,775,2,15,1,754,1,47,2,2,7,1,3,0,18,3,1,7,5,3,2,2,2,2
24,2,771,1,1,1,1981,1,45,2,2,0,2,1,0,12,2,0,4,2,2,4,3,1,2
55,2,725,1,2,3,787,1,78,3,5,3,1,5,1,13,4,1,24,2,3,5,2,1,4
50,2,328,1,1,3,249,1,86,2,1,2,1,2,0,15,4,1,5,2,2,3,2,0,2
41,2,1283,1,5,3,1448,1,90,4,1,6,1,2,1,12,1,0,7,5,2,4,2,0,3
38,2,437,2,16,1,1583,0,90,3,2,7,2,2,0,12,2,0,8,5,4,3,2,1,2
46,2,168,2,4,2,1280,0,33,2,5,3,1,2,0,14,3,1,26,2,3,11,4,0,8
32,2,267,1,29,1,2010,0,49,2,1,2,2,1,0,13,3,0,6,3,3,6,2,4,1
40,2,329,1,1,1,1361,1,88,3,1,2,1,3,0,22,3,1,7,3,3,4,2,0,3
38,2,364,1,3,5,193,0,32,3,2,6,2,3,1,20,2,0,19,2,3,3,2,2,2
28,1,289,1,2,3,1504,1,38,2,1,2,2,7,0,11,3,0,8,2,2,0,0,0,0
31,1,561,1,3,1,1537,0,33,3,1,6,2,1,0,12,1,0,7,2,1,7,2,7,7
20,2,805,1,3,1,1198,1,87,2,1,2,2,1,0,12,1,0,2,2,2,2,2,1,2
27,2,1377,1,11,1,1434,1,91,3,1,2,1,0,0,14,2,0,6,3,4,5,0,1,4
31,2,202,1,8,1,1433,0,34,2,1,6,2,1,0,12,3,0,1,3,4,1,0,0,0
29,2,1107,1,28,1,1120,0,93,3,1,6,0,4,0,22,1,1,11,1,3,7,5,1,7
44,1,429,1,1,3,1792,1,99,3,1,6,0,1,1,12,3,3,6,2,2,5,3,2,3
20,2,959,1,1,1,657,0,83,2,1,6,2,1,0,13,4,0,1,0,4,1,0,0,0
26,1,1283,2,1,3,956,1,52,2,2,7,2,1,0,12,2,0,7,2,3,7,7,0,7
42,1,933,1,19,3,752,1,57,4,1,6,0,6,1,12,4,0,7,2,3,2,2,2,2
24,2,240,0,22,0,1714,1,58,1,1,1,1,1,0,11,3,1,1,2,3,1,0,0,0
24,2,691,1,23,3,639,1,89,4,1,6,1,1,1,11,2,2,6,3,3,6,5,1,4
31,2,1079,2,16,2,1761,1,70,3,3,7,1,2,0,13,1,3,10,2,3,1,0,0,0
38,2,345,2,10,1,2041,0,100,3,2,7,1,1,0,11,3,1,10,1,3,10,7,1,9
32,2,1089,1,7,1,1309,1,79,3,2,2,1,1,0,18,1,1,10,3,3,10,4,1,1
20,1,769,2,9,2,1077,0,54,3,1,8,2,1,1,14,2,0,2,3,3,2,2,0,2
36,0,1105,1,24,1,419,0,47,3,2,2,1,7,0,15,3,1,11,3,3,9,8,0,8
33,2,117,1,9,3,1238,1,60,3,1,6,1,0,0,13,2,1,15,5,3,14,10,4,10
43,2,982,1,12,1,520,1,59,2,4,5,0,1,0,11,3,1,25,3,3,25,10,3,9
47,2,1225,2,2,1,1676,0,47,4,4,3,0,6,0,14,3,3,29,2,3,3,2,1,2
36,2,1456,2,13,2,1733,1,96,2,2,7,0,5,1,13,2,3,16,3,3,2,2,2,2
25,2,1382,2,8,4,2018,0,85,3,2,7,0,0,1,22,2,1,6,3,2,5,3,0,4
23,2,650,1,9,3,758,1,37,3,1,2,1,1,0,14,4,1,5,2,4,4,3,0,2
27,2,1054,1,8,3,1751,0,67,3,1,6,2,1,0,11,3,0,6,5,2,6,2,1,4
35,2,528,0,8,5,1164,1,100,3,1,1,2,1,0,17,2,0,6,2,1,5,4,1,4
40,2,898,0,6,3,1550,1,38,3,4,3,2,1,1,21,4,0,21,2,3,21,7,7,7
41,2,447,1,5,1,1814,1,85,4,2,0,2,3,0,12,1,0,11,3,1,3,2,1,2
34,2,1157,1,5,3,1696,1,57,2,2,2,1,1,0,14,3,1,15,3,4,15,10,4,13
29,2,806,1,7,5,1299,0,39,3,1,2,0,3,1,13,1,2,10,2,3,7,7,7,7
38,1,508,1,6,1,1997,1,72,2,2,4,1,2,0,11,4,1,10,1,3,8,3,7,7
28,1,783,2,1,1,1927,1,42,2,2,7,1,1,1,12,3,1,7,2,3,7,7,0,7
38,0,573,1,6,3,107,0,79,1,2,6,0,7,1,12,4,3,17,3,3,13,11,1,9
34,1,669,1,1,3,1184,1,97,2,2,0,2,0,0,20,3,0,14,3,3,13,9,4,9
43,2,823,1,6,3,1866,0,81,2,5,3,1,7,0,13,4,0,21,2,3,16,12,6,14
52,2,1325,1,11,1,813,0,82,3,2,2,1,8,0,20,2,1,9,3,3,5,2,1,4
26,1,342,1,2,1,1053,1,57,3,1,6,1,6,1,14,2,1,6,2,3,3,2,1,2
39,0,1251,2,21,1,1929,0,32,1,2,7,1,6,0,19,3,1,10,1,3,3,2,1,2
47,2,359,1,2,3,1443,0,82,3,4,5,1,3,0,19,2,2,26,2,4,20,17,5,6
41,2,337,2,8,2,1909,0,54,3,2,7,1,5,0,21,3,1,14,3,3,5,4,1,4
40,2,575,2,22,2,492,1,68,2,2,7,1,2,1,12,1,2,8,6,3,6,4,1,0
44,1,920,1,24,1,392,1,43,3,1,2,0,3,1,22,4,1,19,0,1,1,0,0,0
34,1,618,1,3,1,1103,1,45,3,2,0,2,0,0,17,3,0,7,1,2,6,2,0,4
31,2,480,1,7,3,524,0,31,3,2,4,1,1,0,12,2,1,13,5,1,13,10,3,12
35,2,735,1,6,1,1291,1,66,3,1,6,1,0,1,14,4,0,4,3,3,3,2,2,2
30,0,1116,1,2,3,571,0,49,3,1,2,2,0,0,14,3,0,12,2,2,11,7,6,7
28,1,467,2,7,1,1507,1,55,3,2,7,2,0,0,14,4,0,5,5,3,4,2,1,3
28,0,1103,1,16,3,1947,1,49,3,1,6,2,1,0,14,3,0,5,3,2,5,3,1,4
36,1,1467,2,11,5,154,0,92,3,3,7,1,0,0,14,3,1,10,6,3,9,7,2,8
26,2,1357,1,25,1,55,1,48,1,1,2,2,1,0,12,3,0,1,2,2,1,0,0,1
37,2,1225,1,10,1,715,1,80,4,1,6,2,3,0,17,1,0,4,2,3,1,0,0,0
36,2,660,1,15,4,1052,1,81,3,2,2,0,7,0,14,2,1,9,3,2,1,0,0,0
50,1,562,2,8,5,723,1,50,3,2,7,1,3,1,14,1,1,18,4,3,4,3,1,3
42,1,288,1,2,1,1547,1,40,3,3,0,1,2,1,14,3,1,24,3,1,20,8,13,9
41,1,1018,2,1,2,1349,0,66,3,2,7,0,0,0,17,4,1,10,2,3,9,3,1,7
40,2,300,2,26,2,1066,1,74,3,2,7,1,1,0,14,2,1,8,3,2,7,7,7,5
38,2,1261,1,2,1,271,1,88,3,2,4,1,9,0,14,2,0,14,3,3,1,0,0,0
41,2,896,2,6,1,298,0,75,3,3,3,2,3,1,18,3,0,16,3,3,1,0,0,0
37,2,674,1,13,3,1543,1,47,3,2,6,1,1,0,17,1,0,10,2,3,10,8,3,7
31,2,192,1,2,1,426,1,32,3,1,6,0,0,1,18,2,1,3,2,1,2,2,2,2
30,2,202,2,2,5,508,1,72,3,1,8,1,1,0,18,1,1,1,3,3,1,0,0,0
53,2,1436,2,6,2,205,1,34,3,2,8,1,2,1,20,4,1,13,3,1,7,7,4,5
29,2,428,2,9,2,1752,0,52,1,1,8,2,1,0,13,3,0,2,3,3,2,2,2,2
41,2,334,2,2,1,410,1,88,3,4,3,2,1,0,19,2,0,22,2,3,22,10,0,4
26,2,482,1,1,1,1893,0,90,2,1,6,1,1,1,13,3,1,1,3,2,1,0,1,0
39,2,1462,2,6,3,1588,1,38,4,3,7,1,2,0,11,1,1,11,3,3,7,6,7,6
41,2,167,1,12,1,1158,1,46,3,1,2,1,3,1,11,1,1,6,4,3,1,0,0,0
37,1,1231,2,21,3,900,0,54,3,1,8,1,5,0,15,2,1,10,3,3,5,4,0,0
46,2,945,0,5,3,103,1,80,3,2,1,0,8,1,22,4,1,16,2,3,4,2,0,2
42,2,1396,1,6,3,1911,1,83,3,3,5,1,9,0,13,2,1,18,3,4,13,7,5,7
26,2,1167,2,5,4,2060,0,30,2,1,8,2,0,0,18,4,0,5,2,3,4,2,0,0
27,2,1134,1,16,5,1001,0,37,3,1,2,1,9,0,14,2,1,4,2,3,2,2,2,2
29,2,694,1,1,1,1264,0,87,2,4,5,0,3,0,14,2,2,9,2,2,7,7,1,7
26,2,1449,1,16,3,394,1,45,3,1,2,0,2,1,13,4,1,5,2,3,3,2,0,2
35,2,763,2,15,3,1645,1,59,1,2,7,0,6,1,14,4,2,7,2,2,2,2,2,2
30,2,1358,1,24,1,11,1,67,3,1,2,0,1,0,22,2,1,1,2,3,1,0,0,0
27,2,486,1,8,3,1647,0,86,4,1,6,1,7,0,17,1,0,5,0,3,3,2,0,2
23,2,427,2,7,1,1702,1,99,3,1,8,0,1,1,21,2,1,3,2,3,3,2,0,2
45,2,252,1,1,4,336,1,70,4,5,3,1,0,0,11,3,1,25,2,3,24,0,1,7
29,2,805,1,1,1,816,0,36,2,1,2,1,1,1,11,4,1,1,1,3,1,0,0,0
25,2,883,2,26,3,781,0,32,3,2,7,2,1,0,23,2,0,6,5,2,6,5,1,4
29,2,350,0,13,0,1844,1,56,2,1,1,0,4,1,15,4,3,4,3,3,2,2,2,0
37,2,1462,1,11,3,1411,0,94,3,1,2,2,4,0,18,1,0,8,6,3,3,2,0,2
32,2,646,1,9,1,679,0,92,3,2,6,1,1,1,12,4,1,6,2,2,6,4,0,5
38,2,1180,1,29,3,282,1,70,3,2,0,1,7,1,19,2,0,17,2,3,1,0,0,0
55,2,478,1,2,3,1770,1,60,2,5,5,1,8,0,12,2,3,34,2,3,1,0,0,0
30,2,138,1,22,1,1004,0,48,3,1,6,1,4,1,11,2,0,7,2,3,5,2,0,1
31,2,140,1,12,3,246,0,95,3,1,6,1,8,1,23,3,1,7,0,3,4,2,0,2
26,2,703,2,28,2,641,1,66,3,2,7,1,1,0,20,4,2,6,5,4,5,3,1,4
30,2,1240,0,9,0,184,1,48,3,2,1,1,0,1,19,4,0,12,2,1,11,9,4,7
34,2,1440,2,7,5,1541,1,55,3,1,8,1,0,1,25,2,1,12,4,3,11,10,5,7
32,2,1259,1,2,1,1692,1,95,3,1,2,2,1,0,12,1,0,1,2,3,1,0,0,0
39,2,360,1,23,3,1310,1,93,3,1,6,2,0,0,13,1,0,6,2,3,5,2,0,3
48,2,492,2,16,1,1557,0,96,3,2,7,0,8,0,14,3,1,18,2,3,8,7,7,7
43,2,1034,2,16,2,327,0,80,3,4,3,1,5,1,22,3,1,22,3,3,17,13,1,9
32,1,689,2,9,3,195,1,35,1,2,7,0,0,0,17,4,3,9,2,4,8,7,0,7
32,0,953,1,5,5,1764,1,65,3,1,6,2,2,0,14,2,0,12,3,3,7,7,0,7
51,2,942,1,3,5,1786,0,53,3,3,3,1,2,0,11,4,0,15,2,3,2,2,2,2
52,2,699,1,1,1,259,1,65,2,5,3,1,0,0,14,1,1,34,5,3,33,18,11,9
30,0,829,1,1,1,292,1,88,2,3,4,2,1,0,22,3,0,12,2,3,11,8,5,8
58,2,682,2,10,3,131,1,37,3,4,7,2,0,0,13,3,0,38,1,2,37,10,1,8
44,2,1037,1,1,3,2020,1,42,3,1,6,2,6,1,12,3,0,6,2,3,4,3,1,2
58,2,605,2,21,1,1938,0,72,3,4,3,1,4,1,13,3,1,29,2,2,1,0,0,0
46,2,1319,2,3,5,1863,0,45,4,4,7,0,2,0,12,4,1,25,5,3,19,17,2,8
32,2,601,2,7,2,1446,1,97,3,2,7,1,4,0,12,3,1,7,3,2,4,3,0,3
35,2,1258,1,1,1,826,0,40,4,1,6,2,3,0,13,3,0,7,0,3,2,2,2,2
42,1,481,2,12,1,1167,1,44,3,4,7,2,0,1,12,2,0,22,2,2,21,9,13,14
31,2,525,2,6,3,653,1,66,4,2,7,0,4,0,22,4,2,13,4,4,7,7,5,7
30,2,793,1,16,1,1729,1,33,3,1,6,1,1,0,12,2,1,10,2,2,10,0,0,8
43,2,531,2,4,2,1293,0,56,2,3,7,2,3,0,14,4,0,23,3,4,21,7,15,17
34,2,1303,1,2,1,579,1,62,2,1,6,0,3,0,12,3,1,14,3,3,7,3,5,7
31,2,182,1,8,1,1430,0,93,3,4,5,2,3,0,11,3,0,9,3,4,3,2,1,0
23,2,1309,1,26,1,465,1,83,3,1,6,0,1,0,12,3,2,4,2,2,4,2,0,2
38,1,240,1,2,1,803,0,75,4,2,4,2,6,1,12,4,0,17,2,3,15,7,4,12
48,2,1469,1,20,3,945,1,51,3,1,6,1,4,0,17,1,2,13,2,2,0,0,0,0
40,2,1416,1,2,3,352,1,49,3,5,5,0,0,0,19,4,1,22,5,3,21,7,3,9
25,2,240,2,5,2,142,1,46,2,2,7,2,1,1,11,4,0,6,1,3,6,4,0,3
49,2,174,2,8,5,1138,1,56,2,4,7,1,6,0,17,2,1,22,3,3,9,8,2,3
45,1,1199,1,7,1,341,1,77,4,2,4,1,4,0,17,4,1,9,1,3,3,2,0,2
28,2,1423,1,1,1,1506,1,72,2,1,6,0,1,0,14,4,1,1,2,1,1,0,0,0
37,2,408,1,19,1,61,1,73,3,1,6,1,4,0,21,1,0,8,1,3,1,0,0,0
27,2,591,1,2,3,7,1,40,3,1,2,1,9,0,12,4,1,6,3,3,2,2,2,2
30,2,740,2,1,1,1562,1,64,2,2,7,1,1,0,11,4,1,10,4,3,10,8,6,7
35,2,682,2,18,3,1945,1,71,3,2,7,1,0,0,16,4,1,6,2,1,5,3,0,4
31,2,471,1,4,3,1916,0,62,4,1,2,0,8,0,12,2,1,4,0,2,2,2,2,2
27,2,1420,2,2,2,667,1,85,3,1,8,0,0,0,11,2,1,5,3,3,4,3,0,2
22,1,1256,1,3,1,1203,1,48,2,1,6,1,0,1,11,2,1,1,5,3,0,0,0,0
58,2,147,1,23,3,165,0,94,3,3,0,1,1,0,12,4,1,40,3,2,40,10,15,6
34,2,829,0,3,0,847,1,88,3,1,1,1,0,0,19,3,1,4,1,1,3,2,0,2
56,2,206,0,8,1,1338,1,99,3,5,3,2,6,0,14,1,0,36,4,3,7,3,7,7
26,1,575,1,1,1,792,0,71,1,1,2,0,3,0,14,1,1,5,2,3,2,2,2,0
32,2,120,1,6,1,231,1,43,3,1,6,2,3,0,20,1,0,8,2,3,5,4,1,4
35,2,802,1,10,4,1028,1,45,3,1,2,0,1,0,20,1,1,3,4,2,3,2,1,2
39,2,119,2,15,2,1975,1,77,3,4,7,2,0,0,12,1,0,21,3,3,20,8,11,10
54,2,155,1,9,1,1969,0,67,3,2,6,1,3,0,11,3,2,9,6,2,4,3,2,3
55,2,836,1,2,5,1873,1,98,2,1,6,1,8,0,20,2,1,19,2,4,5,2,0,4
36,2,1396,1,5,1,304,1,62,3,2,2,2,8,0,16,4,0,16,3,4,13,11,3,7
41,0,509,1,2,4,616,0,62,2,2,0,2,2,1,17,1,0,10,3,3,8,7,0,7
35,2,817,1,1,3,1369,0,60,2,2,2,1,0,0,12,2,1,10,0,3,9,7,0,0
35,2,287,1,1,1,2052,0,62,1,1,6,1,1,0,12,4,1,4,5,3,4,3,1,1
42,2,201,1,1,1,517,0,95,3,1,2,0,3,0,16,2,1,8,5,3,5,2,1,2
30,2,1288,2,29,5,1568,1,33,3,3,7,1,3,0,12,2,1,9,3,3,4,2,1,3
42,1,1368,1,28,5,551,0,88,2,2,0,1,0,0,11,4,3,7,4,4,6,5,0,4
24,0,1269,1,4,1,888,1,46,2,1,2,1,0,0,17,4,0,6,2,2,5,2,3,4
28,0,1366,1,24,5,1082,1,72,2,3,0,2,1,0,12,1,0,10,2,2,10,7,1,9
50,2,1452,1,11,1,226,0,53,3,5,3,2,3,0,15,2,0,21,5,3,5,4,4,4
33,2,1277,1,15,3,582,1,56,3,3,3,1,7,1,12,4,0,15,2,4,7,6,7,7
18,1,544,2,3,3,1624,0,70,3,1,8,2,1,1,12,3,0,0,2,4,0,0,0,0
45,0,1238,1,1,1,1712,1,74,2,3,0,1,3,0,23,4,1,25,3,2,23,15,14,4
36,1,884,1,23,3,2061,1,41,4,2,2,1,4,0,17,3,1,17,3,3,5,2,0,3
52,0,771,2,2,1,329,1,79,2,5,3,2,1,1,18,4,0,33,2,4,33,7,15,12
55,2,436,2,2,3,842,1,37,3,2,7,2,4,0,16,3,0,12,3,2,9,7,7,3
47,1,1093,2,9,1,1716,1,82,1,4,7,1,7,0,11,3,0,25,3,1,23,5,14,10
33,1,827,1,1,4,998,0,84,4,2,0,1,1,1,13,1,1,6,2,3,6,5,1,2
31,1,163,1,24,5,1736,0,30,3,2,4,2,2,0,20,4,0,9,3,2,5,4,1,4
38,2,395,2,9,2,893,1,98,2,1,8,1,0,0,19,4,1,3,3,3,2,2,1,2
37,1,1278,2,1,3,1700,1,31,1,2,7,0,1,0,14,3,2,6,2,2,6,3,1,3
28,2,1158,1,9,3,377,1,94,3,1,6,1,1,0,23,4,1,5,3,2,5,2,0,4
36,2,913,1,9,3,699,1,48,2,2,4,0,2,1,11,3,1,13,2,3,3,2,0,2
46,2,705,2,2,2,38,0,83,3,5,3,2,3,0,12,4,0,22,2,2,2,2,2,1
46,0,849,2,26,1,1801,1,98,2,2,7,2,8,0,15,3,0,6,3,3,2,2,2,2
20,2,1362,1,10,3,701,1,32,3,1,6,2,1,1,11,4,0,1,5,3,1,0,1,1
37,1,889,1,9,3,403,1,53,3,1,6,1,1,1,12,3,3,4,3,2,4,2,1,2
25,2,141,2,3,4,879,1,98,3,2,7,1,1,1,18,4,0,5,3,3,5,3,0,3
45,2,1329,1,2,4,1635,0,59,2,2,4,0,1,0,19,1,2,10,3,3,10,7,3,9
45,2,374,2,20,1,2046,0,50,3,2,7,2,8,0,15,3,0,8,3,3,5,3,0,1
34,2,1153,1,1,3,110,1,94,3,2,4,1,1,0,15,3,0,5,2,3,5,2,1,3
46,2,566,1,7,3,1007,1,75,3,3,4,0,6,0,13,2,1,13,3,3,8,7,0,7
40,2,896,1,2,3,1474,1,68,3,1,6,0,2,0,14,3,1,8,3,4,3,1,1,2
45,2,1316,1,29,3,192,1,83,3,1,6,2,5,0,13,2,0,9,2,2,6,5,0,3
30,2,1138,1,6,5,1311,0,48,2,2,2,1,0,0,12,1,1,10,6,3,9,2,6,7
19,1,602,2,1,5,235,0,100,1,1,8,2,0,0,21,1,0,1,5,4,0,0,0,0
42,2,916,1,17,1,347,0,82,4,2,6,2,3,1,13,3,0,10,1,3,3,2,0,2
28,1,791,1,1,3,1286,1,44,3,1,2,2,0,1,11,3,0,5,2,2,4,2,0,2
51,2,313,1,3,3,258,0,98,3,4,0,2,3,0,18,3,0,21,6,3,7,7,1,0
20,2,129,1,4,5,960,1,84,3,1,2,2,1,0,19,2,0,1,2,3,1,0,0,0
37,0,142,2,9,3,626,1,69,3,3,7,0,1,0,13,4,1,9,6,3,9,5,7,7
49,2,1261,1,7,4,499,1,31,2,3,0,2,8,0,24,3,0,26,2,3,5,2,0,0
32,0,1184,1,1,1,951,0,70,2,1,2,1,6,0,20,3,0,5,3,3,3,0,0,2
31,2,196,2,29,2,1784,0,91,2,2,7,1,1,0,14,1,2,13,3,3,12,7,5,7
35,2,890,2,2,2,49,0,97,3,1,8,1,1,0,13,1,0,2,3,3,2,2,2,2
27,1,994,2,8,1,56,1,37,3,3,7,2,1,0,15,4,0,9,0,3,9,8,1,7
37,2,124,1,3,4,1062,0,35,3,2,0,2,3,0,15,1,0,8,3,2,4,3,0,1
43,2,589,1,14,1,843,1,94,3,4,5,1,6,0,24,3,1,22,3,3,4,1,1,0
35,2,219,1,16,4,1886,0,44,2,2,4,1,0,1,11,4,0,4,2,3,3,2,0,2
41,0,267,2,10,1,599,1,56,3,2,7,2,7,0,14,4,0,16,3,3,14,3,1,10
37,2,161,1,10,1,2017,0,42,4,3,5,1,1,1,25,1,1,16,2,3,16,11,6,8
33,1,515,1,1,1,73,0,98,3,3,5,2,1,1,12,3,0,15,1,3,15,14,8,12
38,2,770,2,10,2,1119,1,73,2,3,7,0,0,1,14,2,2,9,2,3,8,7,2,7
38,2,1333,1,1,5,950,0,80,3,3,5,1,1,0,13,2,1,15,3,3,15,12,5,11
19,0,504,1,10,3,1248,0,96,2,1,6,2,1,1,25,2,0,1,2,4,1,1,0,0
43,1,1422,2,2,1,1849,1,92,3,2,7,1,1,0,20,3,1,7,5,3,7,7,7,7
48,2,1108,1,15,4,1576,0,65,3,1,6,1,8,0,12,4,1,10,3,2,8,2,7,6
44,2,1315,1,3,4,671,1,35,3,5,3,1,4,1,12,1,1,26,2,4,2,2,0,1
54,2,548,1,8,1,578,0,42,3,2,2,2,7,0,11,3,0,19,3,3,1,0,0,0
22,2,1230,1,1,1,872,1,33,2,2,4,1,6,0,22,1,2,4,2,1,2,2,2,2
36,2,938,1,2,3,958,1,79,3,1,2,2,4,0,21,3,0,16,6,3,11,8,3,9
39,2,835,1,19,4,1871,1,41,3,2,6,0,8,0,14,2,3,7,2,3,2,2,2,2
28,2,580,1,27,3,1622,0,39,1,2,4,0,0,0,21,2,1,6,5,2,5,3,0,0
31,1,444,2,5,2,399,0,84,3,1,8,0,1,0,11,3,1,2,5,2,2,2,2,2
56,2,832,1,9,3,762,1,81,3,4,0,1,7,0,11,3,0,30,1,2,10,7,1,1
58,2,286,1,2,1,825,1,31,3,5,5,2,7,1,12,4,0,40,2,3,31,15,13,8
21,2,1334,1,10,1,1079,0,36,2,1,2,2,1,0,13,1,0,1,6,2,1,0,1,0
41,2,642,1,1,1,1999,1,76,3,1,6,1,3,0,22,1,1,12,3,3,5,3,1,0
44,2,621,1,15,3,1295,0,73,3,3,0,1,1,0,11,4,1,10,2,3,10,7,0,5
42,2,622,1,2,1,659,0,81,3,2,0,1,1,0,13,2,2,10,4,3,10,2,2,2
36,2,1278,0,8,1,878,1,77,2,1,1,1,0,0,21,3,0,6,3,3,5,4,0,3
28,0,120,2,4,3,129,1,43,3,2,7,1,1,0,15,2,0,5,3,4,5,4,0,4
27,1,472,1,1,5,274,1,60,2,2,4,1,5,0,19,3,1,6,1,3,2,2,2,0
30,2,305,1,16,1,1763,1,58,4,2,0,1,3,0,16,3,1,10,3,3,7,0,1,7
46,2,377,2,9,2,1457,1,52,3,3,7,0,4,0,11,1,1,28,1,4,7,7,4,3
31,2,655,1,7,1,76,1,48,3,2,2,0,3,0,22,4,1,10,3,2,7,7,1,7
33,2,1216,2,8,2,677,1,39,3,2,7,0,0,0,12,4,0,6,3,3,5,0,1,2
38,2,688,1,23,1,393,1,82,3,2,0,0,9,0,14,2,1,10,2,3,2,2,1,2
23,2,373,1,1,1,1270,1,47,3,1,6,1,1,0,22,4,1,1,2,3,1,0,0,1
33,2,575,1,25,1,1545,1,44,2,2,4,2,1,0,13,4,0,5,2,3,5,3,0,2
40,2,905,1,19,3,281,1,99,3,2,2,1,8,1,15,3,1,15,2,4,7,2,3,7
31,2,1154,2,2,1,1996,1,54,3,1,8,1,0,0,19,3,1,3,1,3,2,2,1,2
30,2,201,1,5,5,197,0,84,3,1,6,0,5,0,14,4,1,8,3,3,3,2,2,2
55,2,1311,1,2,1,505,0,97,3,4,3,2,2,1,13,3,0,30,2,3,5,4,1,2
33,2,867,1,8,1,1798,1,90,4,1,6,1,6,0,19,2,1,14,1,3,10,8,7,6
52,2,956,1,6,5,630,1,78,3,2,6,0,3,1,12,2,2,18,3,3,10,9,6,9
45,2,549,1,8,4,452,1,75,3,2,6,1,9,0,14,1,2,12,3,3,10,9,9,8
32,1,1316,1,2,1,1235,0,38,3,2,6,2,4,1,14,4,0,10,2,3,8,7,0,7
27,0,210,2,1,2,449,1,73,3,2,7,1,0,1,13,4,1,6,0,3,5,4,1,4
53,2,102,1,23,1,901,0,72,3,4,5,2,6,0,18,3,0,33,0,3,12,9,3,8
46,1,1034,1,18,3,624,0,86,3,3,0,1,5,0,11,4,0,28,3,2,2,2,1,2
41,2,796,2,4,2,1815,0,81,3,3,7,0,0,1,13,4,1,23,3,4,22,14,13,5
39,1,203,1,2,1,1127,1,84,3,4,0,0,7,0,11,4,3,21,4,3,18,7,11,5
49,2,271,1,3,3,1509,0,43,2,2,2,1,4,0,25,1,1,10,3,3,3,2,1,2
50,2,316,2,8,2,738,1,54,3,1,8,1,7,0,15,4,1,4,2,3,2,2,2,2
50,2,939,1,24,1,1005,1,95,3,4,4,1,3,1,18,4,1,22,2,3,12,11,1,5
53,2,1282,1,5,4,32,0,58,3,5,3,0,4,0,11,4,1,26,3,2,14,13,4,8
25,1,599,2,24,1,1273,1,73,1,1,8,2,1,1,14,4,0,1,4,3,1,0,1,0
28,2,866,2,5,3,1469,1,84,3,2,7,2,0,0,18,4,0,6,4,3,5,4,1,3
39,2,1383,0,2,1,909,0,42,2,2,1,1,8,0,11,3,2,13,2,3,5,4,0,4
57,2,334,1,24,1,223,1,83,4,3,0,0,3,1,16,2,1,12,2,1,5,3,1,4
53,2,661,2,7,2,862,0,78,2,3,7,1,7,1,18,4,1,35,3,3,5,2,0,4
39,2,1253,1,10,3,1800,1,65,3,3,5,2,7,0,21,3,0,9,3,3,4,3,2,2
31,2,330,1,22,3,1389,1,98,3,2,4,1,1,1,15,4,2,10,3,2,10,2,6,7
34,2,699,1,6,3,31,1,83,3,1,6,2,2,0,11,3,0,8,2,3,4,2,1,3
23,2,571,1,12,4,1982,1,78,3,1,2,2,1,0,13,3,0,5,6,4,5,2,1,4
29,2,1370,1,3,3,1586,1,87,3,1,2,2,1,1,18,4,0,10,3,3,10,9,1,5
35,2,619,2,1,2,600,1,85,3,2,7,1,9,0,11,3,0,15,2,3,11,9,6,9
24,2,693,2,3,1,720,0,65,3,2,7,2,9,0,14,1,0,4,3,3,2,2,2,0
42,2,932,1,1,1,827,0,43,2,2,4,1,9,1,13,4,1,8,4,3,4,3,0,2
37,2,1107,1,14,1,515,0,95,3,1,2,0,1,0,12,3,1,18,2,2,18,7,12,17
40,2,1329,1,7,1,1649,1,73,3,1,2,2,3,1,14,2,0,10,3,1,4,2,0,3
22,0,1123,1,16,3,22,1,96,4,1,2,0,1,1,13,2,2,1,2,2,1,0,0,0
31,2,688,2,7,1,613,1,44,2,3,3,0,9,0,21,3,1,10,3,2,5,4,0,1
32,2,1062,1,2,3,471,0,75,3,1,2,1,1,0,13,3,1,8,4,3,8,0,0,7
26,1,426,0,17,1,608,0,58,3,1,1,0,0,1,11,2,1,8,2,2,7,7,1,0
31,1,703,2,2,1,1379,0,90,2,1,8,2,7,0,14,3,0,3,3,4,1,0,0,0
29,0,1496,1,1,5,208,1,41,3,2,4,1,1,0,13,1,1,10,1,3,10,7,0,9
36,2,429,1,2,1,1294,0,53,3,2,4,2,9,1,11,4,0,18,2,3,16,14,5,12
35,2,809,1,16,3,14,1,84,4,1,2,1,0,0,13,3,1,6,5,3,5,4,0,3
35,2,1142,1,23,3,75,0,30,3,1,2,1,3,1,15,3,1,4,3,3,2,2,2,2
35,2,1029,1,16,1,1529,0,91,2,3,0,2,1,0,19,4,0,11,3,1,11,8,3,3
38,2,130,2,2,2,1125,1,32,3,3,7,2,7,0,16,3,0,10,2,3,1,0,0,0
26,2,157,1,1,3,1952,1,95,3,1,2,2,0,0,13,4,0,8,6,2,7,7,7,6
22,2,617,1,3,1,926,0,34,3,2,4,1,0,1,19,1,1,4,3,4,3,2,0,2
46,2,261,1,21,3,1821,0,66,3,2,0,1,4,0,22,4,1,13,2,4,9,7,3,7
31,2,1398,0,8,3,1461,0,96,4,1,1,2,9,0,18,4,0,8,3,3,3,2,0,2
38,2,243,2,7,2,709,0,46,2,2,7,2,0,0,20,1,0,8,2,3,7,7,0,5
52,1,890,1,25,3,867,0,81,2,4,4,1,3,0,22,3,0,31,3,3,9,8,0,0
33,0,1283,2,2,2,1756,0,62,3,2,7,2,8,0,15,4,0,13,2,2,11,7,1,7
36,2,676,1,1,4,823,0,35,3,2,4,1,0,0,15,1,1,10,2,3,9,7,0,5
24,0,1092,1,9,1,812,1,60,2,1,2,0,1,0,11,3,3,1,4,3,1,0,0,0
33,0,1313,1,1,3,1994,1,59,2,1,2,0,1,0,12,3,3,1,2,2,1,1,0,0
42,1,532,1,29,1,547,0,92,3,2,6,0,2,0,11,2,1,19,3,3,5,4,0,2
35,1,130,1,25,1,881,0,96,3,1,6,0,1,1,19,1,1,10,3,2,10,2,7,8
31,2,1082,1,1,3,95,1,87,3,1,6,2,1,0,17,2,0,1,4,3,1,1,1,0
26,1,887,1,5,3,848,0,88,2,1,6,1,1,1,14,1,1,8,2,3,8,7,1,7
55,2,685,2,26,2,1578,1,60,2,5,3,1,1,0,21,3,1,36,3,3,36,6,2,13
38,1,471,1,12,1,837,1,45,2,2,0,0,2,0,15,3,1,13,3,2,4,3,1,2
52,2,1490,1,4,1,546,0,30,3,4,3,1,2,0,13,4,0,31,2,1,5,2,1,4
25,2,949,1,1,5,1415,1,81,3,1,2,1,4,0,11,2,1,7,2,2,3,2,0,2
25,2,959,2,28,1,183,1,41,2,2,7,1,2,0,18,4,0,6,3,3,2,2,2,2
45,2,1449,2,2,2,1277,0,94,1,5,3,2,2,1,16,1,0,26,2,3,24,10,1,11
52,2,994,1,7,1,1118,1,87,3,3,0,2,7,0,19,4,0,18,4,3,8,6,4,0
19,2,528,2,22,2,167,1,50,3,1,8,2,1,1,19,4,0,0,2,2,0,0,0,0
34,1,878,1,10,3,277,1,43,3,1,6,0,1,1,17,4,1,5,4,4,5,3,2,0
49,2,527,1,8,4,944,0,51,3,3,2,1,4,0,11,3,1,29,3,2,26,9,1,7
35,2,1017,1,6,1,691,1,82,1,2,6,2,1,0,13,2,0,17,3,3,17,11,11,8
32,1,967,2,8,2,207,0,43,3,3,7,2,1,0,14,4,0,9,2,3,9,8,3,7
39,1,711,1,4,3,1633,0,81,3,2,4,2,0,0,13,4,0,10,2,1,9,2,3,8
40,2,118,2,14,1,1598,0,84,3,2,7,1,1,0,15,3,1,5,2,3,5,4,1,2
25,2,685,1,1,1,350,0,62,3,2,4,1,0,0,12,4,2,5,3,3,4,2,1,2
27,2,954,2,9,2,1965,1,44,3,2,7,2,1,0,14,1,0,7,5,3,7,7,0,7
27,2,1115,1,3,3,700,1,54,2,1,6,2,0,0,13,4,0,5,0,3,4,2,1,1
38,2,397,1,2,3,1638,0,54,2,3,4,1,3,1,19,4,1,10,6,4,5,4,0,2
33,1,430,2,7,3,1477,1,54,3,2,7,1,0,0,14,1,2,5,2,3,4,3,0,3
33,2,1017,1,25,3,1108,1,55,2,1,6,2,4,1,20,2,0,5,0,3,2,2,2,2
22,2,1256,1,19,3,217,1,80,3,1,6,1,1,0,24,1,2,2,6,3,2,2,2,2
56,2,713,1,8,1,241,0,67,3,1,6,0,4,1,18,3,1,19,3,3,2,2,2,2
22,2,534,1,15,3,144,0,59,3,1,2,2,1,0,15,3,0,1,5,3,0,0,0,0
31,2,1232,1,7,3,462,0,39,3,3,4,2,1,1,14,3,0,11,2,2,11,9,4,10
